record_id,date,year,month,province,region,energy_type,installed_capacity_mw,generation_gwh,utilization_hours,average_temperature_c,precipitation_mm,wind_speed_m_s,solar_radiation_kwh_m2,grid_connection_rate_pct,investment_million_cny,policy_support_level
RE00004,2019-01-01,2019,1,云南,西南,光伏,2406.45,241.23,109.01,6.14,63.99,5.12,111.66,89.28,131.29,低
RE00022,2019-02-01,2019,2,云南,西南,光伏,2476.96,225.76,102.9,9.32,50.75,5.08,119.45,88.57,132.08,低
RE00040,2019-03-01,2019,3,云南,西南,光伏,2480.58,318.83,141.26,11.1,25.27,4.99,130.01,88.95,113.01,低
RE00058,2019-04-01,2019,4,云南,西南,光伏,2477.3,381.38,166.39,17.77,40.94,4.13,182.31,88.75,130.2,低
RE00076,2019-05-01,2019,5,云南,西南,光伏,2562.46,390.01,168.13,24.08,71.27,3.91,187.93,89.94,135.69,低
RE00094,2019-06-01,2019,6,云南,西南,光伏,2512.06,351.68,158.27,26.64,109.44,2.91,200.24,89.53,126.88,低
RE00112,2019-07-01,2019,7,云南,西南,光伏,2689.37,324.09,134.14,29.03,133.22,2.34,180.0,87.56,133.42,低
RE00130,2019-08-01,2019,8,云南,西南,光伏,2669.32,292.84,127.05,28.27,148.26,3.02,152.07,85.95,148.41,低
RE00148,2019-09-01,2019,9,云南,西南,光伏,2775.44,329.9,134.02,23.29,101.13,4.02,146.09,90.57,130.03,低
RE00166,2019-10-01,2019,10,云南,西南,光伏,2690.99,288.67,119.48,15.8,94.56,4.11,110.21,88.81,148.99,低
RE00184,2019-11-01,2019,11,云南,西南,光伏,2761.07,247.76,101.63,16.12,110.01,4.01,84.18,89.31,157.35,低
RE00202,2019-12-01,2019,12,云南,西南,光伏,2783.85,275.12,113.2,9.57,66.34,4.34,93.66,87.89,133.27,低
RE00220,2020-01-01,2020,1,云南,西南,光伏,2861.38,306.85,121.18,8.65,28.11,5.57,106.77,89.42,135.35,低
RE00238,2020-02-01,2020,2,云南,西南,光伏,2898.2,332.95,129.42,9.98,23.35,5.27,114.65,88.06,142.76,低
RE00256,2020-03-01,2020,3,云南,西南,光伏,2936.42,367.29,145.09,12.47,43.3,5.12,141.16,86.76,155.62,低
RE00274,2020-04-01,2020,4,云南,西南,光伏,3010.5,435.11,161.18,15.57,65.94,3.82,178.61,89.88,127.28,低
RE00292,2020-05-01,2020,5,云南,西南,光伏,2953.45,435.81,163.15,22.59,91.75,4.91,185.35,89.8,136.11,低
RE00310,2020-06-01,2020,6,云南,西南,光伏,3001.4,421.89,153.04,27.12,112.46,3.37,191.49,90.66,156.89,低
RE00328,2020-07-01,2020,7,云南,西南,光伏,3063.9,454.77,166.47,28.42,100.75,2.82,200.93,89.67,150.81,低
RE00346,2020-08-01,2020,8,云南,西南,光伏,3161.71,366.77,129.97,27.1,118.51,3.16,168.44,90.1,149.78,低
RE00364,2020-09-01,2020,9,云南,西南,光伏,3239.5,405.8,140.63,23.32,137.75,3.23,149.1,90.72,185.12,低
RE00382,2020-10-01,2020,10,云南,西南,光伏,3388.23,334.42,109.65,17.9,112.92,4.72,109.65,90.72,201.89,低
RE00400,2020-11-01,2020,11,云南,西南,光伏,3255.77,322.45,108.88,10.8,70.7,4.12,105.15,91.0,163.8,低
RE00418,2020-12-01,2020,12,云南,西南,光伏,3242.46,376.83,126.79,5.93,37.84,4.77,99.95,89.84,169.44,低
RE00436,2021-01-01,2021,1,云南,西南,光伏,3324.59,364.25,122.06,7.47,63.81,5.16,102.2,89.26,161.99,中
RE00454,2021-02-01,2021,2,云南,西南,光伏,3499.1,418.36,126.8,9.97,27.44,5.57,118.66,94.07,199.76,中
RE00472,2021-03-01,2021,3,云南,西南,光伏,3428.73,414.06,131.69,14.35,51.89,5.26,130.54,91.03,115.79,中
RE00490,2021-04-01,2021,4,云南,西南,光伏,3470.92,520.52,166.12,18.84,75.5,5.37,180.13,90.76,183.36,中
RE00508,2021-05-01,2021,5,云南,西南,光伏,3596.25,512.07,160.24,21.42,81.44,4.43,201.61,90.4,153.96,中
RE00526,2021-06-01,2021,6,云南,西南,光伏,3731.92,563.89,169.76,28.3,116.63,3.47,205.19,90.32,194.91,中
RE00544,2021-07-01,2021,7,云南,西南,光伏,3688.83,486.24,144.99,27.14,118.65,4.51,164.17,91.35,169.78,中
RE00562,2021-08-01,2021,8,云南,西南,光伏,3783.85,496.24,141.27,28.27,148.6,3.67,161.18,90.88,205.88,中
RE00580,2021-09-01,2021,9,云南,西南,光伏,3791.85,429.75,125.57,23.23,132.02,3.54,150.72,89.55,174.75,中
RE00598,2021-10-01,2021,10,云南,西南,光伏,3800.46,341.82,97.84,18.47,122.33,3.91,105.11,91.97,203.37,中
RE00616,2021-11-01,2021,11,云南,西南,光伏,3983.56,365.06,98.75,12.62,89.34,3.43,98.58,92.49,195.57,中
RE00634,2021-12-01,2021,12,云南,西南,光伏,3914.34,439.59,122.93,9.13,77.69,4.41,91.23,89.99,157.22,中
RE00652,2022-01-01,2022,1,云南,西南,光伏,4033.67,431.64,114.51,7.16,36.74,4.56,98.54,91.83,196.03,中
RE00670,2022-02-01,2022,2,云南,西南,光伏,4105.04,535.74,139.94,6.74,36.56,5.88,120.02,92.03,212.43,中
RE00688,2022-03-01,2022,3,云南,西南,光伏,4408.86,578.35,141.59,11.06,43.9,4.57,140.77,90.96,228.54,中
RE00706,2022-04-01,2022,4,云南,西南,光伏,4239.71,600.18,152.77,20.38,72.41,4.55,188.45,92.35,244.93,中
RE00724,2022-05-01,2022,5,云南,西南,光伏,4396.89,655.2,158.45,26.05,71.42,3.83,204.28,93.2,248.33,中
RE00742,2022-06-01,2022,6,云南,西南,光伏,4309.22,608.94,154.4,30.66,128.1,3.37,202.1,91.04,236.17,中
RE00760,2022-07-01,2022,7,云南,西南,光伏,4514.97,659.06,159.31,28.06,128.38,4.14,203.42,91.49,306.6,中
RE00778,2022-08-01,2022,8,云南,西南,光伏,4499.87,565.99,139.3,28.44,112.2,3.13,160.9,92.33,222.03,中
RE00796,2022-09-01,2022,9,云南,西南,光伏,4514.71,479.34,113.27,22.24,143.93,3.7,138.98,92.97,251.31,中
RE00814,2022-10-01,2022,10,云南,西南,光伏,4427.71,438.71,109.96,17.2,109.81,2.92,126.5,91.71,196.61,中
RE00832,2022-11-01,2022,11,云南,西南,光伏,4817.87,498.84,109.34,13.1,83.96,4.29,91.1,93.75,245.63,中
RE00850,2022-12-01,2022,12,云南,西南,光伏,4915.76,475.13,107.94,7.09,85.35,4.68,89.51,91.07,272.9,中
RE00868,2023-01-01,2023,1,云南,西南,光伏,4873.08,476.44,107.37,5.59,68.92,4.38,92.62,92.52,256.89,中
RE00886,2023-02-01,2023,2,云南,西南,光伏,4946.28,597.93,128.55,12.32,17.01,4.53,116.84,92.52,263.75,中
RE00904,2023-03-01,2023,3,云南,西南,光伏,5131.02,683.31,141.08,11.95,70.52,4.32,156.16,91.86,240.46,中
RE00922,2023-04-01,2023,4,云南,西南,光伏,4951.71,715.36,155.6,17.27,85.43,5.39,162.54,95.2,248.54,中
RE00940,2023-05-01,2023,5,云南,西南,光伏,5002.77,724.17,152.73,27.65,87.77,4.25,184.6,94.35,280.46,中
RE00958,2023-06-01,2023,6,云南,西南,光伏,5181.56,713.77,146.48,27.29,93.31,3.49,178.63,92.09,212.4,中
RE00976,2023-07-01,2023,7,云南,西南,光伏,5214.06,741.8,151.33,29.03,116.09,1.98,192.89,95.72,208.1,中
RE00994,2023-08-01,2023,8,云南,西南,光伏,5432.56,650.73,130.27,25.44,166.85,2.06,164.25,92.54,257.99,中
RE01012,2023-09-01,2023,9,云南,西南,光伏,5328.5,650.65,128.09,25.52,106.87,3.4,142.9,93.39,326.34,中
RE01030,2023-10-01,2023,10,云南,西南,光伏,5618.04,615.54,115.34,18.43,106.53,3.27,106.77,93.57,305.19,中
RE01048,2023-11-01,2023,11,云南,西南,光伏,5619.83,592.91,110.59,13.71,71.23,3.49,102.2,92.68,325.16,中
RE01066,2023-12-01,2023,12,云南,西南,光伏,5817.92,587.11,109.29,6.14,46.32,4.66,90.84,93.33,337.67,中
RE01084,2024-01-01,2024,1,云南,西南,光伏,5808.1,595.03,109.25,3.96,35.16,5.05,90.05,95.12,309.8,中
RE01102,2024-02-01,2024,2,云南,西南,光伏,5894.69,731.29,129.81,9.0,22.93,4.9,116.91,95.0,228.12,中
RE01120,2024-03-01,2024,3,云南,西南,光伏,5959.55,770.67,136.37,12.39,47.28,5.36,138.4,93.81,240.79,中
RE01138,2024-04-01,2024,4,云南,西南,光伏,6103.53,866.16,151.84,15.7,79.21,4.93,182.3,94.1,307.95,中
RE01156,2024-05-01,2024,5,云南,西南,光伏,6034.51,836.41,148.1,26.47,109.29,4.33,191.9,94.3,282.68,中
RE01174,2024-06-01,2024,6,云南,西南,光伏,6054.08,830.51,146.98,28.86,124.8,3.55,186.55,94.12,334.84,中
RE01192,2024-07-01,2024,7,云南,西南,光伏,6121.2,911.28,156.71,29.95,128.16,2.87,174.73,94.36,259.59,中
RE01210,2024-08-01,2024,8,云南,西南,光伏,6220.5,828.58,138.71,25.79,122.17,3.06,167.84,94.43,294.68,中
RE01228,2024-09-01,2024,9,云南,西南,光伏,6290.93,729.39,118.94,26.02,116.18,3.1,130.12,97.64,389.91,中
RE01246,2024-10-01,2024,10,云南,西南,光伏,6514.02,742.05,119.88,19.16,136.7,3.64,132.98,94.55,317.12,中
RE01264,2024-11-01,2024,11,云南,西南,光伏,6590.46,608.26,95.61,10.87,95.58,4.68,95.96,95.59,248.09,中
RE01282,2024-12-01,2024,12,云南,西南,光伏,7057.12,652.92,98.77,7.79,76.06,4.8,84.55,95.13,309.17,中
RE01300,2025-01-01,2025,1,云南,西南,光伏,6888.86,778.32,120.04,6.74,25.65,4.41,102.59,93.87,354.69,高
RE01318,2025-02-01,2025,2,云南,西南,光伏,6811.67,893.45,137.32,11.77,67.46,5.01,122.47,94.63,378.15,高
RE01336,2025-03-01,2025,3,云南,西南,光伏,6926.61,881.79,136.35,13.07,48.21,4.27,144.06,94.41,386.47,高
RE01354,2025-04-01,2025,4,云南,西南,光伏,7052.9,889.88,135.13,16.56,62.02,3.98,163.58,95.37,461.01,高
RE01372,2025-05-01,2025,5,云南,西南,光伏,7149.3,1121.48,164.9,21.9,103.83,3.7,180.84,95.62,309.05,高
RE01390,2025-06-01,2025,6,云南,西南,光伏,7004.56,1044.38,155.77,29.45,101.01,3.19,196.66,95.76,416.37,高
RE01408,2025-07-01,2025,7,云南,西南,光伏,7546.34,933.48,135.67,26.37,114.51,3.05,182.62,94.55,320.65,高
RE01426,2025-08-01,2025,8,云南,西南,光伏,7565.76,989.52,139.19,27.51,121.56,3.83,163.22,94.14,343.81,高
RE01444,2025-09-01,2025,9,云南,西南,光伏,7456.85,834.43,117.74,21.26,152.23,3.59,137.63,96.26,320.24,高
RE01462,2025-10-01,2025,10,云南,西南,光伏,7722.68,783.6,105.63,19.33,113.5,4.05,108.86,94.89,403.95,高
RE01480,2025-11-01,2025,11,云南,西南,光伏,7988.51,717.71,98.44,14.59,90.05,4.53,95.71,93.9,393.895,高
RE01498,2025-12-01,2025,12,云南,西南,光伏,7740.07,901.38,120.34,8.09,53.12,5.2,96.29,95.07,383.84,高
RE00006,2019-01-01,2019,1,云南,西南,水电,46779.06,5224.07,125.93,9.2,52.87,5.32,87.06,90.02,1082.62,低
RE00024,2019-02-01,2019,2,云南,西南,水电,45834.08,4513.58,105.53,4.24,32.17,5.51,124.12,91.16,1123.46,低
RE00042,2019-03-01,2019,3,云南,西南,水电,46965.41,4777.95,112.39,10.79,48.91,4.57,139.43,90.1,1164.31,低
RE00060,2019-04-01,2019,4,云南,西南,水电,47749.93,5263.99,122.56,17.61,65.61,4.79,155.05,89.19,1345.92,低
RE00078,2019-05-01,2019,5,云南,西南,水电,48305.85,6829.86,154.91,22.41,71.4,4.32,194.85,90.42,1351.44,低
RE00096,2019-06-01,2019,6,云南,西南,水电,48070.98,7038.74,163.27,30.55,80.38,3.85,181.54,86.66,842.59,低
RE00114,2019-07-01,2019,7,云南,西南,水电,47359.11,8552.55,207.6,30.47,111.39,2.82,189.18,88.8,1215.49,低
RE00132,2019-08-01,2019,8,云南,西南,水电,48230.64,7738.38,180.54,26.19,115.38,3.25,146.78,90.8,1112.45,低
RE00150,2019-09-01,2019,9,云南,西南,水电,47621.35,8167.67,193.63,24.42,105.97,3.03,134.19,89.8,1189.29,低
RE00168,2019-10-01,2019,10,云南,西南,水电,48077.77,8776.79,202.23,15.4,106.21,3.6,112.67,89.93,1433.47,低
RE00186,2019-11-01,2019,11,云南,西南,水电,48099.06,5901.69,136.84,11.74,76.11,3.51,100.19,89.08,1420.55,低
RE00204,2019-12-01,2019,12,云南,西南,水电,50600.52,7161.45,161.77,9.46,74.68,5.07,82.1,88.9,1499.67,低
RE00222,2020-01-01,2020,1,云南,西南,水电,48536.2,4907.68,115.96,9.01,35.88,5.44,95.38,90.55,1306.95,低
RE00240,2020-02-01,2020,2,云南,西南,水电,47800.96,5380.91,123.67,8.05,64.75,4.78,131.86,91.57,1209.7,低
RE00258,2020-03-01,2020,3,云南,西南,水电,49174.27,4883.47,106.89,11.75,20.6,5.39,143.88,91.41,1194.96,低
RE00276,2020-04-01,2020,4,云南,西南,水电,49598.0,6257.98,140.98,17.56,47.79,4.81,170.01,92.18,1146.84,低
RE00294,2020-05-01,2020,5,云南,西南,水电,50661.05,6827.37,150.12,21.19,98.45,4.43,185.93,89.3,1394.48,低
RE00312,2020-06-01,2020,6,云南,西南,水电,48028.71,6318.75,145.25,26.89,91.59,4.39,176.14,89.52,811.42,低
RE00330,2020-07-01,2020,7,云南,西南,水电,49216.62,9237.21,206.17,29.33,125.75,3.98,174.51,90.87,1068.41,低
RE00348,2020-08-01,2020,8,云南,西南,水电,50036.64,9808.45,217.04,27.81,141.17,3.04,160.33,91.36,1360.79,低
RE00366,2020-09-01,2020,9,云南,西南,水电,50226.89,8789.56,198.31,25.33,140.66,2.66,142.7,87.97,1121.98,低
RE00384,2020-10-01,2020,10,云南,西南,水电,51882.45,8342.81,181.45,16.18,120.37,4.63,105.86,89.92,1284.58,低
RE00402,2020-11-01,2020,11,云南,西南,水电,49576.36,6452.6,144.19,13.17,85.95,4.88,96.45,91.64,1225.69,低
RE00420,2020-12-01,2020,12,云南,西南,水电,49232.77,6686.55,150.61,7.0,76.5,5.53,100.7,88.96,1230.05,低
RE00438,2021-01-01,2021,1,云南,西南,水电,51744.54,5812.16,126.01,7.64,47.11,5.82,87.43,91.76,1349.67,低
RE00456,2021-02-01,2021,2,云南,西南,水电,50402.59,5427.9,114.95,9.34,43.13,4.73,117.66,94.0,1355.05,低
RE00474,2021-03-01,2021,3,云南,西南,水电,50323.38,6268.62,132.9,12.48,41.27,6.02,135.61,92.3,1426.92,低
RE00492,2021-04-01,2021,4,云南,西南,水电,51036.25,6841.66,145.66,17.0,61.24,4.2,157.05,91.75,1267.79,低
RE00510,2021-05-01,2021,5,云南,西南,水电,49434.55,6105.83,134.32,20.66,78.93,4.08,185.33,91.64,1436.78,低
RE00528,2021-06-01,2021,6,云南,西南,水电,49479.13,8811.23,192.1,31.36,123.98,3.88,188.13,92.82,1479.47,低
RE00546,2021-07-01,2021,7,云南,西南,水电,49825.0,10422.34,224.41,27.18,123.43,2.81,206.65,91.87,783.12,低
RE00564,2021-08-01,2021,8,云南,西南,水电,50050.54,9077.24,198.17,27.97,104.03,4.07,152.16,92.65,1357.71,低
RE00582,2021-09-01,2021,9,云南,西南,水电,50999.01,9200.71,191.58,21.2,130.54,3.59,128.94,93.78,1192.73,低
RE00600,2021-10-01,2021,10,云南,西南,水电,52136.88,8930.05,187.42,18.44,122.4,3.28,109.07,91.45,1080.78,低
RE00618,2021-11-01,2021,11,云南,西南,水电,50833.93,6591.66,143.57,12.39,68.28,4.15,84.23,90.22,1194.64,低
RE00636,2021-12-01,2021,12,云南,西南,水电,49967.26,4834.61,106.36,13.23,40.37,5.53,91.65,91.47,849.93,低
RE00654,2022-01-01,2022,1,云南,西南,水电,53468.18,7787.97,155.24,9.39,67.04,4.97,86.47,93.09,1555.7,低
RE00672,2022-02-01,2022,2,云南,西南,水电,52222.03,6791.98,141.33,8.32,55.61,4.99,137.19,93.58,1068.35,低
RE00690,2022-03-01,2022,3,云南,西南,水电,52956.26,5331.47,108.14,10.75,34.42,4.75,149.23,93.48,1180.83,低
RE00708,2022-04-01,2022,4,云南,西南,水电,54178.91,7447.37,149.08,14.76,70.58,3.77,146.84,92.84,1357.46,低
RE00726,2022-05-01,2022,5,云南,西南,水电,50993.89,8107.09,167.79,22.37,85.94,3.81,174.59,92.88,1502.58,低
RE00744,2022-06-01,2022,6,云南,西南,水电,51693.73,9092.57,190.18,29.54,111.74,3.17,205.89,93.27,1171.87,低
RE00762,2022-07-01,2022,7,云南,西南,水电,53563.32,8745.6,183.1,29.28,118.83,3.83,177.98,89.6,1348.83,低
RE00780,2022-08-01,2022,8,云南,西南,水电,53164.91,8215.12,171.92,28.29,124.95,2.42,166.87,88.83,1203.12,低
RE00798,2022-09-01,2022,9,云南,西南,水电,54880.9,10403.85,204.73,25.43,132.66,3.28,144.83,91.35,1140.8,低
RE00816,2022-10-01,2022,10,云南,西南,水电,53288.82,8457.83,170.26,17.71,119.69,4.16,129.03,91.83,1078.84,低
RE00834,2022-11-01,2022,11,云南,西南,水电,53541.38,9584.61,188.28,13.53,110.36,3.63,110.24,94.24,1375.88,低
RE00852,2022-12-01,2022,12,云南,西南,水电,52103.93,7857.37,162.05,5.35,74.08,4.29,93.85,94.34,1167.8,低
RE00870,2023-01-01,2023,1,云南,西南,水电,53716.67,6868.65,139.07,6.67,56.61,5.58,112.91,93.19,1149.79,中
RE00888,2023-02-01,2023,2,云南,西南,水电,54782.32,5004.41,96.67,7.49,21.6,5.18,132.94,94.29,1407.32,中
RE00906,2023-03-01,2023,3,云南,西南,水电,54586.04,6384.45,126.21,10.02,44.29,5.3,127.43,94.08,1445.72,中
RE00924,2023-04-01,2023,4,云南,西南,水电,54186.49,8524.32,168.26,19.27,77.93,4.4,156.19,93.34,1516.24,中
RE00942,2023-05-01,2023,5,云南,西南,水电,51823.36,7539.53,155.37,24.64,83.02,4.53,173.64,91.78,1449.65,中
RE00960,2023-06-01,2023,6,云南,西南,水电,54711.3,11236.47,214.76,22.94,116.67,3.57,172.03,92.76,1540.42,中
RE00978,2023-07-01,2023,7,云南,西南,水电,54967.27,9829.68,183.57,31.67,116.77,3.18,193.69,97.14,1241.39,中
RE00996,2023-08-01,2023,8,云南,西南,水电,55702.1,10825.78,200.18,26.3,147.6,3.36,169.42,94.63,1710.85,中
RE01014,2023-09-01,2023,9,云南,西南,水电,54540.09,9772.76,193.63,21.28,123.63,3.34,137.91,94.58,1343.2,中
RE01032,2023-10-01,2023,10,云南,西南,水电,56177.76,9370.9,174.0,13.52,89.56,3.63,121.98,94.56,1450.25,中
RE01050,2023-11-01,2023,11,云南,西南,水电,55202.58,9061.26,174.86,11.15,99.25,4.67,107.39,95.23,1398.75,中
RE01068,2023-12-01,2023,12,云南,西南,水电,55251.8,7745.49,144.92,6.81,57.63,5.21,116.97,94.5,1329.7,中
RE01086,2024-01-01,2024,1,云南,西南,水电,55876.17,6775.79,126.13,9.67,42.41,4.61,102.94,94.48,1256.83,中
RE01104,2024-02-01,2024,2,云南,西南,水电,55139.71,6924.49,132.26,3.97,39.13,4.48,103.98,95.23,1112.08,中
RE01122,2024-03-01,2024,3,云南,西南,水电,57060.3,6223.24,111.16,12.16,54.81,5.89,144.66,95.38,1233.95,中
RE01140,2024-04-01,2024,4,云南,西南,水电,56439.14,6114.06,113.71,17.88,66.57,5.0,192.41,95.59,1262.75,中
RE01158,2024-05-01,2024,5,云南,西南,水电,55749.17,7451.41,139.83,24.45,86.16,4.34,193.3,95.49,1149.96,中
RE01176,2024-06-01,2024,6,云南,西南,水电,55736.74,9739.58,177.61,29.81,112.36,2.23,186.4,96.44,1152.54,中
RE01194,2024-07-01,2024,7,云南,西南,水电,55953.15,11017.83,208.74,27.0,133.23,3.19,174.94,96.55,1261.85,中
RE01212,2024-08-01,2024,8,云南,西南,水电,57366.43,10887.72,200.82,27.09,119.6,3.27,144.02,94.21,1382.63,中
RE01230,2024-09-01,2024,9,云南,西南,水电,57771.78,10945.37,197.39,20.82,121.69,3.47,148.13,96.26,1759.81,中
RE01248,2024-10-01,2024,10,云南,西南,水电,57811.27,10901.6,199.33,19.25,129.83,3.59,130.4,94.32,1114.33,中
RE01266,2024-11-01,2024,11,云南,西南,水电,57733.68,9515.86,167.12,11.32,98.48,5.43,96.4,97.07,1822.62,中
RE01284,2024-12-01,2024,12,云南,西南,水电,55639.81,6310.29,120.74,8.41,51.49,4.14,92.44,94.22,1377.25,中
RE01302,2025-01-01,2025,1,云南,西南,水电,57436.81,6169.78,113.61,6.77,34.45,4.27,86.93,95.5,1604.03,中
RE01320,2025-02-01,2025,2,云南,西南,水电,57286.0,5219.71,95.36,4.61,27.23,5.58,133.44,95.61,1058.42,中
RE01338,2025-03-01,2025,3,云南,西南,水电,58551.3,7471.09,134.52,12.65,62.29,5.22,133.71,95.21,1361.46,中
RE01356,2025-04-01,2025,4,云南,西南,水电,57264.69,7089.89,131.19,19.47,69.44,4.84,160.26,95.76,1572.11,中
RE01374,2025-05-01,2025,5,云南,西南,水电,59215.15,8159.72,144.18,22.3,72.32,3.53,188.02,96.19,1574.55,中
RE01392,2025-06-01,2025,6,云南,西南,水电,57396.06,10367.12,191.69,27.21,116.25,3.15,192.72,95.17,1697.19,中
RE01410,2025-07-01,2025,7,云南,西南,水电,59534.72,11721.2,210.23,25.7,129.36,3.5,174.52,95.5,1748.1,中
RE01428,2025-08-01,2025,8,云南,西南,水电,60368.43,11631.7,202.93,30.63,153.06,3.97,164.08,96.43,1245.5,中
RE01446,2025-09-01,2025,9,云南,西南,水电,59180.83,10390.55,182.67,23.92,121.83,3.67,152.76,97.19,1358.36,中
RE01464,2025-10-01,2025,10,云南,西南,水电,58635.26,8513.19,157.31,18.12,114.53,3.79,122.16,95.48,1362.58,中
RE01482,2025-11-01,2025,11,云南,西南,水电,58484.14,8415.45,148.8,11.33,88.62,4.75,98.57,95.9,1189.92,中
RE01500,2025-12-01,2025,12,云南,西南,水电,58919.38,7661.15,134.28,7.07,67.74,4.0,100.32,97.01,1735.87,中
RE00005,2019-01-01,2019,1,云南,西南,风电,2839.66,381.83,147.78,7.54,32.31,4.58,98.07,88.99,140.66,低
RE00023,2019-02-01,2019,2,云南,西南,风电,2902.46,438.02,173.54,10.11,64.81,5.27,106.68,88.32,126.16,低
RE00041,2019-03-01,2019,3,云南,西南,风电,2835.77,487.33,193.91,9.49,36.53,5.4,151.55,87.46,113.79,低
RE00059,2019-04-01,2019,4,云南,西南,风电,2818.74,364.66,142.15,19.66,70.84,3.95,165.16,89.26,145.14,低
RE00077,2019-05-01,2019,5,云南,西南,风电,2961.82,338.53,133.53,25.69,75.32,3.53,187.31,87.34,173.2,低
RE00095,2019-06-01,2019,6,云南,西南,风电,2958.38,344.3,133.76,24.87,108.08,3.8,206.21,88.08,160.87,低
RE00113,2019-07-01,2019,7,云南,西南,风电,2978.94,277.54,106.49,31.66,131.11,3.22,184.46,88.97,127.57,低
RE00131,2019-08-01,2019,8,云南,西南,风电,2996.58,267.43,100.07,29.47,121.49,3.09,166.9,90.01,137.73,低
RE00149,2019-09-01,2019,9,云南,西南,风电,3074.65,328.02,122.68,22.35,132.45,3.77,136.93,85.97,178.17,低
RE00167,2019-10-01,2019,10,云南,西南,风电,3010.3,408.72,158.03,20.02,100.93,4.0,112.54,88.31,167.3,低
RE00185,2019-11-01,2019,11,云南,西南,风电,3082.53,430.97,152.72,13.35,89.33,4.63,96.91,90.85,136.73,低
RE00203,2019-12-01,2019,12,云南,西南,风电,3084.04,505.46,175.51,5.02,71.28,5.16,93.05,87.9,140.77,低
RE00221,2020-01-01,2020,1,云南,西南,风电,3085.55,439.57,159.42,6.65,40.54,4.86,107.41,90.74,153.91,低
RE00239,2020-02-01,2020,2,云南,西南,风电,3223.95,529.54,180.16,4.72,0.0,4.87,123.44,92.09,159.36,低
RE00257,2020-03-01,2020,3,云南,西南,风电,3151.25,445.74,155.56,13.16,43.32,4.65,148.95,90.6,171.57,低
RE00275,2020-04-01,2020,4,云南,西南,风电,3247.14,419.99,142.41,16.92,29.87,4.21,159.73,89.35,133.22,低
RE00293,2020-05-01,2020,5,云南,西南,风电,3139.8,402.19,144.97,20.73,106.63,3.62,211.06,89.73,149.34,低
RE00311,2020-06-01,2020,6,云南,西南,风电,3298.17,395.18,135.85,25.97,91.39,2.93,174.74,90.26,214.45,低
RE00329,2020-07-01,2020,7,云南,西南,风电,3372.95,368.04,116.43,26.43,136.78,3.22,185.19,91.55,190.97,低
RE00347,2020-08-01,2020,8,云南,西南,风电,3434.36,379.16,124.35,26.37,151.51,3.14,158.95,90.09,178.45,低
RE00365,2020-09-01,2020,9,云南,西南,风电,3339.7,399.07,134.84,23.62,126.11,3.73,132.23,88.45,151.33,低
RE00383,2020-10-01,2020,10,云南,西南,风电,3446.83,482.99,150.62,15.55,86.87,4.34,129.54,92.02,161.96,低
RE00401,2020-11-01,2020,11,云南,西南,风电,3379.75,461.67,150.05,14.11,87.1,4.33,104.06,91.24,158.69,低
RE00419,2020-12-01,2020,12,云南,西南,风电,3469.69,592.37,192.05,8.36,53.84,5.28,106.94,88.33,172.1,低
RE00437,2021-01-01,2021,1,云南,西南,风电,3453.34,565.74,178.37,6.84,51.5,4.95,77.12,89.89,170.11,中
RE00455,2021-02-01,2021,2,云南,西南,风电,3600.57,559.1,168.17,9.41,29.85,4.82,119.4,92.04,203.92,中
RE00473,2021-03-01,2021,3,云南,西南,风电,3592.04,647.4,195.64,12.4,72.72,5.83,145.78,91.46,216.03,中
RE00491,2021-04-01,2021,4,云南,西南,风电,3641.98,589.88,176.98,15.53,51.81,4.62,174.92,90.08,151.53,中
RE00509,2021-05-01,2021,5,云南,西南,风电,3735.8,544.26,155.53,23.18,84.25,4.41,179.56,91.24,165.53,中
RE00527,2021-06-01,2021,6,云南,西南,风电,3656.17,399.39,121.65,28.62,108.12,3.6,180.81,91.93,168.82,中
RE00545,2021-07-01,2021,7,云南,西南,风电,3735.74,334.35,98.36,27.07,128.59,2.38,192.1,90.69,204.94,中
RE00563,2021-08-01,2021,8,云南,西南,风电,3846.98,460.93,126.14,28.94,145.07,3.3,161.56,92.71,193.3,中
RE00581,2021-09-01,2021,9,云南,西南,风电,3959.91,472.51,130.21,23.62,135.53,3.04,137.56,92.89,192.11,中
RE00599,2021-10-01,2021,10,云南,西南,风电,3830.55,466.34,133.5,18.0,113.28,3.94,135.12,92.18,165.53,中
RE00617,2021-11-01,2021,11,云南,西南,风电,3777.59,698.69,197.6,12.87,94.88,5.7,88.26,92.04,171.0,中
RE00635,2021-12-01,2021,12,云南,西南,风电,4057.64,572.87,162.81,6.7,60.24,5.45,98.84,87.88,260.15,中
RE00653,2022-01-01,2022,1,云南,西南,风电,3974.58,669.11,189.74,4.77,61.67,5.02,120.87,90.4,155.47,中
RE00671,2022-02-01,2022,2,云南,西南,风电,3949.08,639.29,173.55,9.63,46.36,5.22,123.52,90.83,205.97,中
RE00689,2022-03-01,2022,3,云南,西南,风电,4006.97,633.84,170.62,12.86,37.28,5.01,145.22,92.1,181.14,中
RE00707,2022-04-01,2022,4,云南,西南,风电,4093.69,524.68,138.84,14.97,69.26,4.4,164.86,93.22,200.68,中
RE00725,2022-05-01,2022,5,云南,西南,风电,4117.53,482.71,130.08,24.56,72.28,3.41,189.14,92.35,253.73,中
RE00743,2022-06-01,2022,6,云南,西南,风电,4127.4,490.74,125.84,27.54,100.64,3.09,187.36,92.98,274.81,中
RE00761,2022-07-01,2022,7,云南,西南,风电,4179.64,536.91,140.18,30.75,120.82,4.1,170.4,91.73,207.96,中
RE00779,2022-08-01,2022,8,云南,西南,风电,4207.77,453.63,113.57,28.03,141.0,2.85,158.12,93.84,237.25,中
RE00797,2022-09-01,2022,9,云南,西南,风电,4280.94,559.91,140.2,22.48,141.33,3.85,145.47,91.38,179.96,中
RE00815,2022-10-01,2022,10,云南,西南,风电,4187.57,550.56,144.66,20.03,103.81,3.48,104.69,92.35,203.96,中
RE00833,2022-11-01,2022,11,云南,西南,风电,4290.02,630.83,157.04,15.21,108.76,4.44,98.34,93.98,209.82,中
RE00851,2022-12-01,2022,12,云南,西南,风电,4328.06,648.89,161.52,6.7,66.08,4.9,110.74,90.69,218.46,中
RE00869,2023-01-01,2023,1,云南,西南,风电,4443.01,594.15,142.35,5.93,37.02,4.85,94.94,93.3,186.87,中
RE00887,2023-02-01,2023,2,云南,西南,风电,4464.26,635.34,151.59,9.41,39.4,4.31,125.27,93.31,270.08,中
RE00905,2023-03-01,2023,3,云南,西南,风电,4426.29,714.55,176.09,9.66,41.81,5.54,143.67,93.09,210.49,中
RE00923,2023-04-01,2023,4,云南,西南,风电,4520.26,660.43,159.31,14.82,69.9,4.49,171.34,92.08,215.86,中
RE00941,2023-05-01,2023,5,云南,西南,风电,4616.54,586.76,133.79,21.96,76.19,4.21,204.78,91.9,198.42,中
RE00959,2023-06-01,2023,6,云南,西南,风电,4616.85,529.02,120.08,27.98,90.83,3.04,198.61,95.49,274.25,中
RE00977,2023-07-01,2023,7,云南,西南,风电,4659.0,516.89,118.17,28.24,109.77,3.67,169.77,92.88,198.14,中
RE00995,2023-08-01,2023,8,云南,西南,风电,4723.02,486.17,110.23,25.28,141.04,3.11,174.29,93.84,201.83,中
RE01013,2023-09-01,2023,9,云南,西南,风电,4793.58,593.69,128.13,20.98,102.48,3.67,143.6,94.7,303.12,中
RE01031,2023-10-01,2023,10,云南,西南,风电,4847.28,592.59,131.59,17.33,97.47,4.18,113.74,91.97,215.62,中
RE01049,2023-11-01,2023,11,云南,西南,风电,4857.89,648.93,146.25,11.68,98.06,4.31,89.85,93.95,269.89,中
RE01067,2023-12-01,2023,12,云南,西南,风电,4778.71,606.44,137.11,8.75,56.41,3.34,83.07,92.42,274.36,中
RE01085,2024-01-01,2024,1,云南,西南,风电,4655.39,667.07,152.36,7.71,48.99,4.44,110.16,95.63,232.86,中
RE01103,2024-02-01,2024,2,云南,西南,风电,4905.83,872.85,183.65,8.57,17.53,4.63,105.47,95.34,253.86,中
RE01121,2024-03-01,2024,3,云南,西南,风电,5049.41,866.11,179.76,12.21,50.81,5.28,143.06,95.44,247.6,中
RE01139,2024-04-01,2024,4,云南,西南,风电,4984.85,579.05,124.7,18.78,72.55,3.98,171.16,92.42,277.81,中
RE01157,2024-05-01,2024,5,云南,西南,风电,5122.31,562.23,121.4,24.2,116.81,3.51,184.12,93.37,263.24,中
RE01175,2024-06-01,2024,6,云南,西南,风电,5216.88,682.56,133.48,22.47,83.02,3.57,200.22,94.91,222.0,中
RE01193,2024-07-01,2024,7,云南,西南,风电,5088.78,576.95,117.59,27.31,127.82,3.07,188.4,93.86,284.08,中
RE01211,2024-08-01,2024,8,云南,西南,风电,5315.87,780.48,153.03,28.17,128.9,4.44,187.56,93.89,318.07,中
RE01229,2024-09-01,2024,9,云南,西南,风电,5412.7,578.21,114.34,23.74,148.0,2.88,144.32,92.88,353.63,中
RE01247,2024-10-01,2024,10,云南,西南,风电,5499.73,619.69,118.33,14.62,100.45,3.59,106.88,94.54,276.17,中
RE01265,2024-11-01,2024,11,云南,西南,风电,5425.67,865.97,170.46,13.05,84.27,4.77,81.98,94.21,250.74,中
RE01283,2024-12-01,2024,12,云南,西南,风电,5674.98,719.12,134.77,6.11,75.6,4.11,117.48,94.3,331.7,中
RE01301,2025-01-01,2025,1,云南,西南,风电,5510.28,948.55,184.05,8.37,62.01,5.28,95.94,94.2,296.92,高
RE01319,2025-02-01,2025,2,云南,西南,风电,5537.57,749.31,137.52,10.31,55.07,4.93,119.78,96.44,252.48,高
RE01337,2025-03-01,2025,3,云南,西南,风电,5744.31,1012.71,189.46,9.61,37.53,5.82,139.88,95.51,343.94,高
RE01355,2025-04-01,2025,4,云南,西南,风电,5781.21,924.8,169.03,20.53,84.48,4.62,180.31,96.04,292.42,高
RE01373,2025-05-01,2025,5,云南,西南,风电,5817.11,874.51,157.24,22.08,113.69,3.99,177.11,96.33,325.28,高
RE01391,2025-06-01,2025,6,云南,西南,风电,5692.15,595.12,107.19,27.97,114.76,2.78,192.61,94.63,222.0,高
RE01409,2025-07-01,2025,7,云南,西南,风电,5679.5,480.14,90.46,30.23,149.82,2.68,171.42,93.91,332.58,高
RE01427,2025-08-01,2025,8,云南,西南,风电,5860.52,716.11,121.92,24.28,138.39,2.96,176.68,98.97,294.78,高
RE01445,2025-09-01,2025,9,云南,西南,风电,5995.5,823.87,140.07,22.51,110.9,3.33,163.93,95.73,376.68,高
RE01463,2025-10-01,2025,10,云南,西南,风电,5945.49,715.13,128.56,18.07,97.85,3.88,114.56,94.92,368.17,高
RE01481,2025-11-01,2025,11,云南,西南,风电,5920.02,747.96,138.5,13.73,75.67,4.49,100.44,95.03,289.72,高
RE01499,2025-12-01,2025,12,云南,西南,风电,6206.4,770.42,132.36,7.59,56.57,4.36,99.61,93.29,284.87,高
RE00007,2019-01-01,2019,1,内蒙古,华北,光伏,9142.2,1010.69,121.4,-2.66,9.06,8.9,109.61,89.43,529.42,低
RE00025,2019-02-01,2019,2,内蒙古,华北,光伏,9059.32,1131.86,139.2,-5.58,27.82,8.85,133.5,88.4,489.65,低
RE00043,2019-03-01,2019,3,内蒙古,华北,光伏,9147.29,1142.75,139.54,1.33,0.0,8.68,127.58,89.1,471.6,低
RE00061,2019-04-01,2019,4,内蒙古,华北,光伏,9581.69,1381.94,165.87,7.41,28.95,8.35,177.69,89.71,405.99,低
RE00079,2019-05-01,2019,5,内蒙古,华北,光伏,9636.7,1565.11,184.41,11.49,21.79,7.26,209.41,88.61,566.55,低
RE00097,2019-06-01,2019,6,内蒙古,华北,光伏,9455.57,1389.01,160.93,15.59,46.8,6.55,182.7,90.64,609.69,低
RE00115,2019-07-01,2019,7,内蒙古,华北,光伏,9963.05,1473.55,165.27,17.75,68.37,5.87,201.83,90.17,441.98,低
RE00133,2019-08-01,2019,8,内蒙古,华北,光伏,9658.14,1378.28,162.12,18.38,23.24,5.17,178.39,88.23,591.07,低
RE00151,2019-09-01,2019,9,内蒙古,华北,光伏,10084.73,1251.73,139.89,13.09,58.71,5.87,149.16,89.24,573.79,低
RE00169,2019-10-01,2019,10,内蒙古,华北,光伏,10573.13,1311.9,137.85,9.44,7.28,6.07,116.17,89.56,690.28,低
RE00187,2019-11-01,2019,11,内蒙古,华北,光伏,10631.07,1243.36,130.46,-1.96,54.65,6.99,103.36,88.11,664.28,低
RE00205,2019-12-01,2019,12,内蒙古,华北,光伏,10821.67,1239.54,128.12,-1.64,48.52,7.01,109.96,89.41,613.09,低
RE00223,2020-01-01,2020,1,内蒙古,华北,光伏,10897.84,1243.94,123.39,-6.68,10.66,8.29,122.7,90.83,649.52,中
RE00241,2020-02-01,2020,2,内蒙古,华北,光伏,11026.57,1228.94,127.87,-1.44,24.91,8.67,125.58,89.6,571.91,中
RE00259,2020-03-01,2020,3,内蒙古,华北,光伏,11231.54,1369.34,133.48,2.42,22.17,8.37,135.93,91.72,659.08,中
RE00277,2020-04-01,2020,4,内蒙古,华北,光伏,11546.02,1618.06,158.5,6.44,21.96,7.38,160.45,90.72,651.4,中
RE00295,2020-05-01,2020,5,内蒙古,华北,光伏,11371.69,1831.02,180.29,13.02,31.7,6.99,204.31,88.22,622.4,中
RE00313,2020-06-01,2020,6,内蒙古,华北,光伏,11552.68,1762.67,171.03,17.13,32.7,7.78,193.78,89.4,738.55,中
RE00331,2020-07-01,2020,7,内蒙古,华北,光伏,12249.9,1825.35,166.98,20.59,25.9,4.55,186.37,89.75,717.81,中
RE00349,2020-08-01,2020,8,内蒙古,华北,光伏,11959.19,1771.41,166.67,19.04,54.86,4.71,173.35,90.43,541.73,中
RE00367,2020-09-01,2020,9,内蒙古,华北,光伏,12352.23,1614.53,143.46,13.02,40.91,5.71,144.77,91.74,638.86,中
RE00385,2020-10-01,2020,10,内蒙古,华北,光伏,12771.92,1532.68,126.48,7.94,57.82,7.0,117.75,92.66,725.71,中
RE00403,2020-11-01,2020,11,内蒙古,华北,光伏,12617.37,1306.87,114.22,-0.59,33.31,7.59,96.86,91.43,671.6,中
RE00421,2020-12-01,2020,12,内蒙古,华北,光伏,13151.1,1492.81,129.59,1.33,0.0,6.88,94.07,88.44,666.04,中
RE00439,2021-01-01,2021,1,内蒙古,华北,光伏,13181.0,1629.54,133.0,-0.72,27.91,8.65,100.62,93.63,751.4,中
RE00457,2021-02-01,2021,2,内蒙古,华北,光伏,13113.26,1559.94,131.66,-3.63,29.27,9.32,123.16,90.63,647.38,中
RE00475,2021-03-01,2021,3,内蒙古,华北,光伏,13518.94,1732.38,143.77,4.58,16.06,8.55,130.96,88.4,773.26,中
RE00493,2021-04-01,2021,4,内蒙古,华北,光伏,13359.66,2203.41,181.43,7.92,25.71,7.87,178.97,89.87,742.05,中
RE00511,2021-05-01,2021,5,内蒙古,华北,光伏,13528.18,2128.55,170.38,10.7,41.92,6.53,185.69,91.66,727.01,中
RE00529,2021-06-01,2021,6,内蒙古,华北,光伏,14088.43,2245.02,177.15,17.4,25.3,6.33,208.41,91.35,650.89,中
RE00547,2021-07-01,2021,7,内蒙古,华北,光伏,14040.54,2316.36,179.25,19.31,34.52,5.17,182.87,92.74,848.86,中
RE00565,2021-08-01,2021,8,内蒙古,华北,光伏,14320.69,2117.86,175.58,16.5,44.66,5.92,188.16,91.48,842.81,中
RE00583,2021-09-01,2021,9,内蒙古,华北,光伏,14649.71,1919.36,147.74,13.08,31.48,5.63,153.36,89.71,924.34,中
RE00601,2021-10-01,2021,10,内蒙古,华北,光伏,15226.14,1925.07,138.08,7.53,37.83,5.42,131.58,92.25,693.96,中
RE00619,2021-11-01,2021,11,内蒙古,华北,光伏,15600.21,1748.07,124.72,2.44,21.04,7.04,97.28,90.41,896.96,中
RE00637,2021-12-01,2021,12,内蒙古,华北,光伏,15615.18,1520.89,105.94,-0.62,42.02,7.63,94.27,90.98,783.9,中
RE00655,2022-01-01,2022,1,内蒙古,华北,光伏,15877.48,1904.96,127.75,-3.84,19.21,8.99,92.97,92.65,887.2,中
RE00673,2022-02-01,2022,2,内蒙古,华北,光伏,15905.73,1986.69,135.65,-2.15,23.35,8.34,130.13,93.08,862.43,中
RE00691,2022-03-01,2022,3,内蒙古,华北,光伏,16214.04,2208.11,148.49,2.88,16.76,8.85,149.3,92.97,750.34,中
RE00709,2022-04-01,2022,4,内蒙古,华北,光伏,16682.49,2504.3,162.34,6.81,21.39,8.28,181.06,92.6,725.33,中
RE00727,2022-05-01,2022,5,内蒙古,华北,光伏,17381.1,2891.11,174.7,13.89,56.34,7.46,192.52,94.05,890.01,中
RE00745,2022-06-01,2022,6,内蒙古,华北,光伏,17040.21,2702.71,174.11,15.06,38.22,5.89,186.83,93.39,1190.39,中
RE00763,2022-07-01,2022,7,内蒙古,华北,光伏,17542.94,3097.6,188.24,16.37,16.7,5.63,206.9,92.56,1020.43,中
RE00781,2022-08-01,2022,8,内蒙古,华北,光伏,18084.94,2701.52,158.52,16.66,48.31,5.49,174.94,91.81,991.39,中
RE00799,2022-09-01,2022,9,内蒙古,华北,光伏,17483.65,2174.37,132.76,13.01,37.44,5.46,141.43,93.81,848.53,中
RE00817,2022-10-01,2022,10,内蒙古,华北,光伏,17487.29,2009.63,122.87,7.48,17.02,6.12,108.0,93.76,727.4,中
RE00835,2022-11-01,2022,11,内蒙古,华北,光伏,17941.44,2037.38,123.4,1.8,22.89,6.46,108.54,92.89,931.44,中
RE00853,2022-12-01,2022,12,内蒙古,华北,光伏,18193.01,2136.04,126.19,-2.98,0.72,6.5,81.88,92.62,754.96,中
RE00871,2023-01-01,2023,1,内蒙古,华北,光伏,19072.1,2493.08,142.79,-4.66,37.91,9.22,115.57,92.67,858.8,高
RE00889,2023-02-01,2023,2,内蒙古,华北,光伏,18905.23,2619.17,148.65,0.84,22.65,8.22,132.71,93.6,1211.89,高
RE00907,2023-03-01,2023,3,内蒙古,华北,光伏,19769.19,2679.19,148.08,3.57,18.74,7.77,162.29,92.03,888.26,高
RE00925,2023-04-01,2023,4,内蒙古,华北,光伏,19614.46,3272.82,178.28,6.64,2.48,7.71,185.43,95.29,1097.3,高
RE00943,2023-05-01,2023,5,内蒙古,华北,光伏,20333.49,3064.71,164.0,11.69,43.86,6.99,182.49,94.01,1242.95,高
RE00961,2023-06-01,2023,6,内蒙古,华北,光伏,20270.04,3341.07,176.2,17.9,30.13,6.7,182.71,92.8,1171.92,高
RE00979,2023-07-01,2023,7,内蒙古,华北,光伏,21075.56,3239.17,171.2,15.18,59.27,5.43,192.06,92.67,923.12,高
RE00997,2023-08-01,2023,8,内蒙古,华北,光伏,21318.92,3455.62,171.26,16.79,48.25,5.8,182.27,93.13,1167.78,高
RE01015,2023-09-01,2023,9,内蒙古,华北,光伏,21381.47,2805.16,143.71,13.57,35.52,5.94,135.26,93.42,1097.08,高
RE01033,2023-10-01,2023,10,内蒙古,华北,光伏,22154.74,2658.21,130.33,7.13,68.31,7.14,117.67,94.09,1002.16,高
RE01051,2023-11-01,2023,11,内蒙古,华北,光伏,22173.81,2370.13,114.86,0.61,18.89,7.17,99.99,93.72,1412.82,高
RE01069,2023-12-01,2023,12,内蒙古,华北,光伏,22686.47,2545.86,121.58,-2.24,13.41,6.71,95.53,92.6,1079.2,高
RE01087,2024-01-01,2024,1,内蒙古,华北,光伏,23047.14,2874.03,134.71,-6.99,8.78,7.64,99.17,94.19,1201.51,高
RE01105,2024-02-01,2024,2,内蒙古,华北,光伏,22823.82,2931.05,136.38,-2.62,0.92,8.68,114.72,94.56,1310.91,高
RE01123,2024-03-01,2024,3,内蒙古,华北,光伏,23683.74,3467.63,148.47,2.89,4.74,8.23,147.93,96.66,970.06,高
RE01141,2024-04-01,2024,4,内蒙古,华北,光伏,23576.68,3512.59,153.53,7.7,41.47,7.18,171.93,95.28,1278.19,高
RE01159,2024-05-01,2024,5,内蒙古,华北,光伏,23798.88,3659.97,163.34,11.37,21.62,7.09,189.5,93.18,1575.51,高
RE01177,2024-06-01,2024,6,内蒙古,华北,光伏,24830.23,4151.33,175.74,15.04,20.62,6.09,192.23,94.19,1034.88,高
RE01195,2024-07-01,2024,7,内蒙古,华北,光伏,25434.75,4209.67,175.64,19.0,44.76,6.69,197.58,95.12,1423.28,高
RE01213,2024-08-01,2024,8,内蒙古,华北,光伏,26021.01,3512.7,142.75,15.81,63.95,5.67,157.46,94.09,1257.99,高
RE01231,2024-09-01,2024,9,内蒙古,华北,光伏,25418.04,3489.11,147.56,11.59,55.98,5.41,151.92,94.41,1053.16,高
RE01249,2024-10-01,2024,10,内蒙古,华北,光伏,25971.24,3470.36,138.75,6.57,35.27,6.99,138.01,95.43,1669.16,高
RE01267,2024-11-01,2024,11,内蒙古,华北,光伏,26815.27,2814.15,113.47,-1.89,37.17,6.66,96.85,93.09,1629.53,高
RE01285,2024-12-01,2024,12,内蒙古,华北,光伏,26573.95,2991.35,117.18,1.3,8.37,7.81,78.55,95.19,1621.86,高
RE01303,2025-01-01,2025,1,内蒙古,华北,光伏,27008.4,3593.03,141.5,-3.9,3.58,8.74,100.36,95.54,1459.28,高
RE01321,2025-02-01,2025,2,内蒙古,华北,光伏,27699.45,3857.75,145.1,0.14,0.0,8.84,130.24,96.75,1394.78,高
RE01339,2025-03-01,2025,3,内蒙古,华北,光伏,29836.05,4563.35,159.35,1.61,17.85,8.6,163.71,97.23,1495.79,高
RE01357,2025-04-01,2025,4,内蒙古,华北,光伏,29513.87,5316.58,175.93,4.23,36.66,7.72,174.89,98.58,1444.55,高
RE01375,2025-05-01,2025,5,内蒙古,华北,光伏,30066.89,4554.86,157.29,12.47,18.08,6.81,173.12,95.47,1602.79,高
RE01393,2025-06-01,2025,6,内蒙古,华北,光伏,29592.66,4957.63,178.12,17.39,26.79,6.16,208.93,93.55,1666.58,高
RE01411,2025-07-01,2025,7,内蒙古,华北,光伏,30126.23,5061.65,170.09,17.58,40.61,6.06,192.23,97.34,1680.65,高
RE01429,2025-08-01,2025,8,内蒙古,华北,光伏,29761.59,4486.92,158.11,16.52,56.56,4.78,179.43,97.85,1688.88,高
RE01447,2025-09-01,2025,9,内蒙古,华北,光伏,31007.38,4231.46,142.62,10.92,47.92,6.1,158.34,96.15,1787.26,高
RE01465,2025-10-01,2025,10,内蒙古,华北,光伏,31511.61,4085.78,130.4,5.12,42.25,5.35,112.98,98.12,1786.64,高
RE01483,2025-11-01,2025,11,内蒙古,华北,光伏,31913.5,3350.51,110.65,-0.42,17.64,6.9,97.72,95.58,1591.73,高
RE01501,2025-12-01,2025,12,内蒙古,华北,光伏,31473.14,3947.4,131.32,-4.29,1.63,7.92,92.99,96.43,1520.63,高
RE00009,2019-01-01,2019,1,内蒙古,华北,水电,914.32,62.16,76.73,-1.39,0.0,7.96,116.56,89.22,35.7,低
RE00027,2019-02-01,2019,2,内蒙古,华北,水电,925.69,81.93,102.01,-2.25,9.49,8.47,126.55,90.12,29.93,低
RE00045,2019-03-01,2019,3,内蒙古,华北,水电,910.78,47.16,55.0,0.41,0.0,7.98,146.83,90.44,28.08,低
RE00063,2019-04-01,2019,4,内蒙古,华北,水电,923.69,99.21,119.93,9.93,39.59,8.07,168.93,89.89,30.33,低
RE00081,2019-05-01,2019,5,内蒙古,华北,水电,914.22,100.94,120.18,13.65,53.18,6.66,197.03,91.42,29.09,低
RE00099,2019-06-01,2019,6,内蒙古,华北,水电,953.47,107.62,125.11,16.46,35.58,6.24,178.13,91.34,46.05,低
RE00117,2019-07-01,2019,7,内蒙古,华北,水电,930.03,103.64,124.28,18.07,64.07,5.3,183.19,90.49,26.93,低
RE00135,2019-08-01,2019,8,内蒙古,华北,水电,928.86,86.32,107.19,17.33,44.73,6.27,153.16,87.72,26.41,低
RE00153,2019-09-01,2019,9,内蒙古,华北,水电,926.63,108.65,132.14,11.13,63.77,4.84,161.51,89.08,32.04,低
RE00171,2019-10-01,2019,10,内蒙古,华北,水电,921.09,94.88,114.69,4.37,28.11,5.49,125.73,91.28,35.57,低
RE00189,2019-11-01,2019,11,内蒙古,华北,水电,932.9,129.0,149.76,5.56,48.04,6.57,114.23,90.21,23.92,低
RE00207,2019-12-01,2019,12,内蒙古,华北,水电,944.83,100.99,120.88,-6.66,27.31,8.48,92.69,88.51,31.72,低
RE00225,2020-01-01,2020,1,内蒙古,华北,水电,965.53,65.83,74.56,-5.55,0.54,7.63,115.44,91.46,36.67,低
RE00243,2020-02-01,2020,2,内蒙古,华北,水电,949.13,93.49,109.87,-2.59,28.57,7.97,118.83,89.75,32.58,低
RE00261,2020-03-01,2020,3,内蒙古,华北,水电,956.96,91.98,105.4,2.88,31.93,7.78,162.23,91.69,36.36,低
RE00279,2020-04-01,2020,4,内蒙古,华北,水电,954.47,94.63,107.59,8.64,29.28,7.87,165.66,91.35,31.01,低
RE00297,2020-05-01,2020,5,内蒙古,华北,水电,965.76,97.04,109.45,15.44,49.64,7.9,193.97,91.05,39.97,低
RE00315,2020-06-01,2020,6,内蒙古,华北,水电,957.63,103.93,123.55,15.76,12.04,4.89,196.37,88.95,28.48,低
RE00333,2020-07-01,2020,7,内蒙古,华北,水电,988.02,136.93,152.97,17.59,75.38,7.24,193.51,91.45,31.38,低
RE00351,2020-08-01,2020,8,内蒙古,华北,水电,948.72,118.56,135.59,16.55,43.39,5.04,177.47,92.14,31.65,低
RE00369,2020-09-01,2020,9,内蒙古,华北,水电,1000.87,103.18,114.4,11.97,45.16,5.42,144.15,90.37,35.71,低
RE00387,2020-10-01,2020,10,内蒙古,华北,水电,967.5,95.76,106.69,7.17,38.02,5.52,114.04,92.15,36.48,低
RE00405,2020-11-01,2020,11,内蒙古,华北,水电,963.15,91.61,107.51,2.04,54.77,7.8,91.31,90.62,38.06,低
RE00423,2020-12-01,2020,12,内蒙古,华北,水电,979.35,100.2,109.5,-2.5,33.88,8.23,96.51,91.93,34.26,低
RE00441,2021-01-01,2021,1,内蒙古,华北,水电,1007.43,94.81,97.52,-4.13,5.96,8.8,97.69,93.77,41.13,中
RE00459,2021-02-01,2021,2,内蒙古,华北,水电,1001.46,109.69,114.9,-4.72,18.28,8.76,118.51,93.89,38.4,中
RE00477,2021-03-01,2021,3,内蒙古,华北,水电,1015.9,107.31,114.11,-2.3,15.61,8.89,137.94,94.56,34.26,中
RE00495,2021-04-01,2021,4,内蒙古,华北,水电,989.45,95.9,106.98,6.36,15.78,8.16,152.81,91.36,30.78,中
RE00513,2021-05-01,2021,5,内蒙古,华北,水电,999.39,87.67,95.36,14.9,39.46,6.7,192.14,91.95,39.65,中
RE00531,2021-06-01,2021,6,内蒙古,华北,水电,1003.9,114.96,120.22,16.67,36.79,5.95,193.4,92.91,34.5,中
RE00549,2021-07-01,2021,7,内蒙古,华北,水电,1026.81,109.73,122.22,18.57,56.56,4.63,187.43,90.28,37.35,中
RE00567,2021-08-01,2021,8,内蒙古,华北,水电,1010.83,130.49,138.07,15.23,71.73,5.22,171.43,92.86,32.87,中
RE00585,2021-09-01,2021,9,内蒙古,华北,水电,1022.85,142.14,155.29,11.01,64.95,6.56,153.33,91.79,42.19,中
RE00603,2021-10-01,2021,10,内蒙古,华北,水电,1033.17,125.41,128.51,7.93,70.87,6.11,123.69,93.67,33.3,中
RE00621,2021-11-01,2021,11,内蒙古,华北,水电,1018.53,101.55,106.64,0.91,39.66,6.93,109.18,92.78,45.04,中
RE00639,2021-12-01,2021,12,内蒙古,华北,水电,1044.51,111.1,116.42,-3.31,42.98,7.85,105.99,93.6,44.6,中
RE00657,2022-01-01,2022,1,内蒙古,华北,水电,1051.11,105.16,107.61,-4.68,20.15,7.97,100.28,93.78,29.97,中
RE00675,2022-02-01,2022,2,内蒙古,华北,水电,1068.63,88.65,89.38,-2.7,0.0,9.09,121.96,93.35,33.81,中
RE00693,2022-03-01,2022,3,内蒙古,华北,水电,1044.67,92.35,94.29,2.51,21.2,9.28,143.4,93.7,35.69,中
RE00711,2022-04-01,2022,4,内蒙古,华北,水电,1036.37,79.92,81.52,7.37,9.4,7.99,173.36,92.25,33.51,中
RE00729,2022-05-01,2022,5,内蒙古,华北,水电,1035.98,115.13,114.82,12.3,43.29,7.31,210.79,96.13,31.9,中
RE00747,2022-06-01,2022,6,内蒙古,华北,水电,1081.54,129.89,124.01,18.7,29.9,7.85,216.3,94.6,36.92,中
RE00765,2022-07-01,2022,7,内蒙古,华北,水电,1041.85,109.95,110.86,19.94,49.22,6.03,194.86,94.04,41.34,中
RE00783,2022-08-01,2022,8,内蒙古,华北,水电,1076.98,118.79,120.53,18.19,57.25,5.97,172.59,92.78,35.3,中
RE00801,2022-09-01,2022,9,内蒙古,华北,水电,1067.55,122.6,124.58,13.24,50.22,5.77,152.33,94.07,34.68,中
RE00819,2022-10-01,2022,10,内蒙古,华北,水电,1095.43,110.46,107.91,2.65,50.3,6.12,114.63,91.86,27.24,中
RE00837,2022-11-01,2022,11,内蒙古,华北,水电,1094.36,111.73,108.69,-0.58,40.15,6.07,106.96,92.94,44.81,中
RE00855,2022-12-01,2022,12,内蒙古,华北,水电,1096.5,109.16,110.04,-3.42,28.47,8.47,93.89,92.29,33.6,中
RE00873,2023-01-01,2023,1,内蒙古,华北,水电,1081.45,138.22,139.03,-0.71,36.38,8.76,109.75,93.96,47.47,中
RE00891,2023-02-01,2023,2,内蒙古,华北,水电,1077.71,99.92,97.9,-1.82,8.19,9.45,138.08,96.68,32.32,中
RE00909,2023-03-01,2023,3,内蒙古,华北,水电,1087.03,68.1,68.13,0.99,0.0,9.73,133.3,93.57,45.49,中
RE00927,2023-04-01,2023,4,内蒙古,华北,水电,1109.31,85.64,83.88,5.93,13.94,7.92,161.55,93.58,41.14,中
RE00945,2023-05-01,2023,5,内蒙古,华北,水电,1146.18,92.71,87.42,13.02,18.66,6.58,200.56,93.63,41.25,中
RE00963,2023-06-01,2023,6,内蒙古,华北,水电,1103.19,96.12,95.42,16.19,38.08,5.54,207.76,93.72,38.95,中
RE00981,2023-07-01,2023,7,内蒙古,华北,水电,1140.78,131.95,124.49,18.66,40.89,4.91,206.51,92.61,36.18,中
RE00999,2023-08-01,2023,8,内蒙古,华北,水电,1117.08,128.22,124.27,17.09,44.52,6.08,165.5,94.79,37.54,中
RE01017,2023-09-01,2023,9,内蒙古,华北,水电,1163.81,132.61,121.2,14.79,56.49,4.14,138.35,94.9,39.6,中
RE01035,2023-10-01,2023,10,内蒙古,华北,水电,1124.29,127.66,115.63,7.14,35.8,4.92,112.54,95.77,37.43,中
RE01053,2023-11-01,2023,11,内蒙古,华北,水电,1150.1,132.39,122.61,0.39,37.23,6.76,108.34,95.65,47.34,中
RE01071,2023-12-01,2023,12,内蒙古,华北,水电,1091.56,116.69,112.93,-2.15,34.25,7.36,101.7,94.73,40.43,中
RE01089,2024-01-01,2024,1,内蒙古,华北,水电,1148.16,112.93,102.76,-6.25,30.21,7.96,121.46,95.53,47.98,中
RE01107,2024-02-01,2024,2,内蒙古,华北,水电,1146.14,85.91,78.22,-2.72,7.17,9.68,128.89,97.47,47.06,中
RE01125,2024-03-01,2024,3,内蒙古,华北,水电,1167.81,89.29,77.93,-0.05,12.68,8.0,156.44,97.5,48.425,中
RE01143,2024-04-01,2024,4,内蒙古,华北,水电,1184.88,148.88,131.73,9.86,34.55,7.07,186.12,95.33,49.79,中
RE01161,2024-05-01,2024,5,内蒙古,华北,水电,1144.76,113.42,102.42,14.34,34.49,7.41,185.23,98.33,42.78,中
RE01179,2024-06-01,2024,6,内蒙古,华北,水电,1116.88,144.65,130.66,15.02,42.36,6.39,188.95,97.63,43.94,中
RE01197,2024-07-01,2024,7,内蒙古,华北,水电,1221.38,166.83,143.47,17.84,42.55,5.2,179.91,95.51,51.31,中
RE01215,2024-08-01,2024,8,内蒙古,华北,水电,1202.28,132.57,112.36,16.09,33.89,5.79,170.74,97.85,37.31,中
RE01233,2024-09-01,2024,9,内蒙古,华北,水电,1206.83,131.24,114.0,14.46,57.35,5.66,147.94,96.74,45.74,中
RE01251,2024-10-01,2024,10,内蒙古,华北,水电,1213.76,122.99,105.08,8.2,24.67,5.94,127.43,95.76,45.6,中
RE01269,2024-11-01,2024,11,内蒙古,华北,水电,1182.01,83.11,76.72,1.55,23.81,7.15,113.23,92.93,41.69,中
RE01287,2024-12-01,2024,12,内蒙古,华北,水电,1211.74,117.22,100.1,-3.37,5.82,7.15,89.22,96.45,42.15,中
RE01305,2025-01-01,2025,1,内蒙古,华北,水电,1187.83,78.52,68.79,-4.6,0.0,8.57,109.21,96.22,40.51,高
RE01323,2025-02-01,2025,2,内蒙古,华北,水电,1188.86,94.33,81.83,-3.97,0.0,8.09,132.08,96.22,35.81,高
RE01341,2025-03-01,2025,3,内蒙古,华北,水电,1214.22,141.81,123.11,3.28,35.49,8.54,144.36,97.0,47.4,高
RE01359,2025-04-01,2025,4,内蒙古,华北,水电,1222.26,103.61,86.89,6.7,22.1,7.57,160.84,98.2,46.66,高
RE01377,2025-05-01,2025,5,内蒙古,华北,水电,1245.78,134.62,113.01,11.75,18.29,7.55,197.48,97.1,40.69,高
RE01395,2025-06-01,2025,6,内蒙古,华北,水电,1221.05,140.33,117.14,13.74,44.27,6.37,210.91,97.55,44.62,高
RE01413,2025-07-01,2025,7,内蒙古,华北,水电,1237.59,189.48,160.07,15.84,66.37,5.87,186.44,95.14,42.36,高
RE01431,2025-08-01,2025,8,内蒙古,华北,水电,1220.76,136.62,113.91,13.54,41.14,5.87,179.42,96.66,40.26,高
RE01449,2025-09-01,2025,9,内蒙古,华北,水电,1255.3,162.22,127.32,12.49,37.62,4.66,148.32,99.28,45.82,高
RE01467,2025-10-01,2025,10,内蒙古,华北,水电,1258.46,165.3,134.54,5.61,50.64,5.64,108.59,97.34,41.77,高
RE01485,2025-11-01,2025,11,内蒙古,华北,水电,1280.21,156.88,126.38,0.94,26.21,7.11,81.4,96.79,50.93,高
RE01503,2025-12-01,2025,12,内蒙古,华北,水电,1256.7,139.71,114.35,-0.69,27.91,7.9,99.66,97.81,54.77,高
RE00008,2019-01-01,2019,1,内蒙古,华北,风电,25125.27,5467.68,245.0,-1.95,41.8,7.66,118.87,89.54,1503.32,低
RE00026,2019-02-01,2019,2,内蒙古,华北,风电,26804.93,5737.85,245.0,-2.04,20.84,9.47,120.15,88.78,1129.11,低
RE00044,2019-03-01,2019,3,内蒙古,华北,风电,26031.75,5709.14,245.0,2.64,28.95,7.79,158.5,87.1,1879.61,低
RE00062,2019-04-01,2019,4,内蒙古,华北,风电,25622.6,5492.12,241.75,10.03,47.57,7.44,185.86,90.38,1352.68,低
RE00080,2019-05-01,2019,5,内蒙古,华北,风电,27257.88,5150.42,212.71,9.58,43.7,6.76,199.49,89.43,1662.07,低
RE00098,2019-06-01,2019,6,内蒙古,华北,风电,27444.92,4952.43,196.43,16.76,37.62,6.47,198.21,92.1,1525.42,低
RE00116,2019-07-01,2019,7,内蒙古,华北,风电,26681.57,4340.2,180.55,17.29,35.57,4.77,181.03,88.8,1843.83,低
RE00134,2019-08-01,2019,8,内蒙古,华北,风电,27541.54,4898.91,201.3,18.18,38.28,5.46,159.38,88.81,1237.54,低
RE00152,2019-09-01,2019,9,内蒙古,华北,风电,28603.85,5148.1,199.07,12.31,58.72,6.83,129.37,90.85,2002.57,低
RE00170,2019-10-01,2019,10,内蒙古,华北,风电,28239.44,4816.06,191.11,5.37,40.05,5.91,124.2,89.55,1550.9,低
RE00188,2019-11-01,2019,11,内蒙古,华北,风电,29663.15,5283.14,201.35,1.4,37.71,6.46,98.52,89.41,1940.09,低
RE00206,2019-12-01,2019,12,内蒙古,华北,风电,29420.57,5950.04,232.44,-3.68,45.31,7.27,115.62,88.13,2198.61,低
RE00224,2020-01-01,2020,1,内蒙古,华北,风电,28198.84,6062.35,245.0,0.1,11.92,9.72,93.25,88.46,1554.66,中
RE00242,2020-02-01,2020,2,内蒙古,华北,风电,29603.7,6529.19,245.0,-4.49,0.0,9.49,125.23,90.9,1951.75,中
RE00260,2020-03-01,2020,3,内蒙古,华北,风电,29198.68,6797.76,245.0,0.05,0.0,8.18,142.28,91.8,1822.09,中
RE00278,2020-04-01,2020,4,内蒙古,华北,风电,30470.31,6943.59,245.0,7.73,24.66,8.07,160.21,92.96,1526.12,中
RE00296,2020-05-01,2020,5,内蒙古,华北,风电,30764.16,6003.4,210.08,12.12,35.91,7.06,202.86,90.35,1646.99,中
RE00314,2020-06-01,2020,6,内蒙古,华北,风电,31459.7,5616.43,199.63,17.12,30.86,6.5,203.57,89.69,1867.8,中
RE00332,2020-07-01,2020,7,内蒙古,华北,风电,30925.98,5981.47,213.25,18.8,28.76,6.36,190.24,90.78,1971.74,中
RE00350,2020-08-01,2020,8,内蒙古,华北,风电,31615.28,5657.9,195.35,15.33,62.49,5.56,165.43,91.62,2111.26,中
RE00368,2020-09-01,2020,9,内蒙古,华北,风电,31578.87,5276.42,193.45,13.38,63.21,6.12,117.96,88.84,1597.39,中
RE00386,2020-10-01,2020,10,内蒙古,华北,风电,32533.21,5909.46,202.26,6.7,28.86,6.4,105.84,89.02,2030.61,中
RE00404,2020-11-01,2020,11,内蒙古,华北,风电,33316.2,6522.83,208.9,0.58,33.8,7.09,105.55,93.21,1951.7,中
RE00422,2020-12-01,2020,12,内蒙古,华北,风电,34267.52,7523.06,245.0,-0.35,38.74,8.55,92.84,89.82,2094.15,中
RE00440,2021-01-01,2021,1,内蒙古,华北,风电,32701.34,7117.02,241.53,-3.34,5.57,7.6,106.76,91.97,1779.74,中
RE00458,2021-02-01,2021,2,内蒙古,华北,风电,32967.56,7775.08,245.0,-2.44,13.03,8.76,113.97,94.45,1762.15,中
RE00476,2021-03-01,2021,3,内蒙古,华北,风电,35171.64,8032.81,245.0,2.26,37.81,7.83,159.12,92.71,1691.71,中
RE00494,2021-04-01,2021,4,内蒙古,华北,风电,34560.65,7161.32,226.16,6.67,45.75,7.06,169.87,92.4,2171.96,中
RE00512,2021-05-01,2021,5,内蒙古,华北,风电,34871.72,7275.79,225.82,11.5,31.62,7.21,204.34,92.27,1720.28,中
RE00530,2021-06-01,2021,6,内蒙古,华北,风电,35354.85,6024.02,191.93,14.72,49.84,6.24,191.56,91.26,2466.79,中
RE00548,2021-07-01,2021,7,内蒙古,华北,风电,35834.93,5946.44,176.18,15.72,62.27,5.15,206.02,90.94,2262.92,中
RE00566,2021-08-01,2021,8,内蒙古,华北,风电,35821.11,5155.7,157.68,17.3,42.87,5.02,169.08,90.59,1884.86,中
RE00584,2021-09-01,2021,9,内蒙古,华北,风电,36041.22,5923.42,177.68,17.49,38.58,5.63,151.31,91.63,1668.75,中
RE00602,2021-10-01,2021,10,内蒙古,华北,风电,36999.56,7236.13,211.79,7.52,7.34,6.26,117.4,90.65,2148.06,中
RE00620,2021-11-01,2021,11,内蒙古,华北,风电,36615.5,6941.85,210.5,3.73,20.62,6.55,96.03,92.08,1948.4,中
RE00638,2021-12-01,2021,12,内蒙古,华北,风电,37418.13,7834.03,232.22,-3.54,15.5,7.39,107.4,91.54,1888.22,中
RE00656,2022-01-01,2022,1,内蒙古,华北,风电,37948.03,8823.25,245.0,-2.56,22.1,9.51,91.59,94.76,2756.93,中
RE00674,2022-02-01,2022,2,内蒙古,华北,风电,37458.98,8557.65,245.0,-3.72,3.16,9.05,130.69,92.42,2461.97,中
RE00692,2022-03-01,2022,3,内蒙古,华北,风电,39366.76,8168.03,223.01,0.81,35.98,6.83,134.61,92.77,2156.73,中
RE00710,2022-04-01,2022,4,内蒙古,华北,风电,40149.08,9261.13,244.65,7.13,35.1,8.43,171.69,93.77,2710.32,中
RE00728,2022-05-01,2022,5,内蒙古,华北,风电,39485.27,7938.14,220.63,12.45,27.87,7.23,194.13,92.34,1915.16,中
RE00746,2022-06-01,2022,6,内蒙古,华北,风电,39946.45,8337.31,220.13,19.46,30.08,7.02,186.37,94.52,2727.98,中
RE00764,2022-07-01,2022,7,内蒙古,华北,风电,40478.81,7752.72,199.63,18.82,58.78,5.92,173.57,94.42,2428.3,中
RE00782,2022-08-01,2022,8,内蒙古,华北,风电,41420.9,6363.99,165.87,15.23,55.04,5.04,180.66,93.0,2270.43,中
RE00800,2022-09-01,2022,9,内蒙古,华北,风电,40618.09,6628.46,175.83,12.92,41.94,5.06,154.03,90.51,2415.6,中
RE00818,2022-10-01,2022,10,内蒙古,华北,风电,42270.58,8360.38,221.23,5.63,61.73,6.41,141.18,91.65,2867.92,中
RE00836,2022-11-01,2022,11,内蒙古,华北,风电,41818.93,8819.03,226.47,2.87,26.47,6.85,94.29,94.6,2538.95,中
RE00854,2022-12-01,2022,12,内蒙古,华北,风电,42013.8,9398.23,245.0,-2.1,0.71,8.98,103.53,90.92,2467.95,中
RE00872,2023-01-01,2023,1,内蒙古,华北,风电,42708.6,9401.56,235.08,-3.44,20.34,8.23,111.72,94.74,2299.08,高
RE00890,2023-02-01,2023,2,内蒙古,华北,风电,43251.36,9800.33,245.0,-2.12,17.5,8.4,123.46,94.28,2730.54,高
RE00908,2023-03-01,2023,3,内蒙古,华北,风电,44100.19,10671.04,245.0,-0.16,13.16,8.74,147.97,94.67,2314.63,高
RE00926,2023-04-01,2023,4,内蒙古,华北,风电,44106.45,9074.26,217.25,6.79,18.4,7.73,153.41,93.48,2993.49,高
RE00944,2023-05-01,2023,5,内蒙古,华北,风电,44128.99,9383.59,219.27,13.85,48.44,6.65,191.97,93.75,2032.03,高
RE00962,2023-06-01,2023,6,内蒙古,华北,风电,46218.34,6850.54,168.85,14.38,37.91,5.65,195.08,92.05,2735.42,高
RE00980,2023-07-01,2023,7,内蒙古,华北,风电,46085.9,10008.08,237.26,17.02,23.05,6.95,198.6,91.93,2441.46,高
RE00998,2023-08-01,2023,8,内蒙古,华北,风电,46375.86,8566.22,198.2,14.4,47.21,5.86,167.41,93.06,2670.68,高
RE01016,2023-09-01,2023,9,内蒙古,华北,风电,47054.98,7893.06,181.21,13.17,34.12,5.76,154.95,92.39,2773.06,高
RE01034,2023-10-01,2023,10,内蒙古,华北,风电,46801.75,9254.69,203.83,6.85,34.28,6.82,124.63,95.24,3307.44,高
RE01052,2023-11-01,2023,11,内蒙古,华北,风电,47984.02,10589.38,239.52,1.09,38.18,6.99,105.32,93.57,2947.72,高
RE01070,2023-12-01,2023,12,内蒙古,华北,风电,48199.63,10658.99,240.4,-2.32,22.69,7.44,87.2,92.62,2935.29,高
RE01088,2024-01-01,2024,1,内蒙古,华北,风电,48035.25,10821.52,245.0,-4.15,8.68,8.65,119.41,94.78,2376.8,高
RE01106,2024-02-01,2024,2,内蒙古,华北,风电,48423.27,11305.91,245.0,-4.55,0.35,8.97,129.39,95.5,3089.14,高
RE01124,2024-03-01,2024,3,内蒙古,华北,风电,48971.39,11482.68,245.0,2.87,12.28,8.92,130.61,95.35,2907.29,高
RE01142,2024-04-01,2024,4,内蒙古,华北,风电,51991.06,12161.37,245.0,3.71,33.16,7.92,169.76,94.0,2777.82,高
RE01160,2024-05-01,2024,5,内蒙古,华北,风电,50735.59,10866.36,235.39,13.79,26.45,7.52,177.03,93.16,2456.51,高
RE01178,2024-06-01,2024,6,内蒙古,华北,风电,52490.21,9617.91,197.53,17.21,41.21,6.62,201.68,95.06,2567.38,高
RE01196,2024-07-01,2024,7,内蒙古,华北,风电,53086.04,7766.53,155.52,14.19,51.32,4.55,196.09,94.35,2817.51,高
RE01214,2024-08-01,2024,8,内蒙古,华北,风电,51313.47,8989.05,184.56,16.6,46.86,5.57,185.57,95.3,3158.18,高
RE01232,2024-09-01,2024,9,内蒙古,华北,风电,54164.33,7708.16,152.47,10.19,59.93,4.86,153.51,94.2,2998.29,高
RE01250,2024-10-01,2024,10,内蒙古,华北,风电,53503.65,9235.79,184.99,2.46,57.81,5.55,135.41,93.75,2533.2,高
RE01268,2024-11-01,2024,11,内蒙古,华北,风电,54568.65,11129.83,215.12,2.89,43.56,6.26,98.58,94.73,2342.34,高
RE01286,2024-12-01,2024,12,内蒙古,华北,风电,56833.71,11243.78,206.45,-5.64,9.19,6.83,103.41,94.5,2966.22,高
RE01304,2025-01-01,2025,1,内蒙古,华北,风电,55345.43,13263.31,245.0,-4.1,7.28,8.42,107.55,98.19,3594.37,高
RE01322,2025-02-01,2025,2,内蒙古,华北,风电,57179.95,13546.21,245.0,-2.2,28.83,8.66,105.83,95.76,2928.84,高
RE01340,2025-03-01,2025,3,内蒙古,华北,风电,54648.7,13325.2,245.0,0.44,7.38,7.85,126.92,97.55,2961.57,高
RE01358,2025-04-01,2025,4,内蒙古,华北,风电,59156.84,13310.68,245.0,3.42,21.76,7.93,179.64,93.38,3786.88,高
RE01376,2025-05-01,2025,5,内蒙古,华北,风电,58729.62,12618.87,223.27,14.52,35.72,7.04,184.42,95.54,3926.23,高
RE01394,2025-06-01,2025,6,内蒙古,华北,风电,56966.2,12873.15,227.26,15.04,27.98,6.96,214.8,97.82,3215.58,高
RE01412,2025-07-01,2025,7,内蒙古,华北,风电,59610.28,8698.18,152.43,21.67,68.0,4.68,190.0,97.25,3071.47,高
RE01430,2025-08-01,2025,8,内蒙古,华北,风电,60649.92,9913.31,171.58,16.71,41.09,4.79,168.24,98.06,3410.05,高
RE01448,2025-09-01,2025,9,内蒙古,华北,风电,60684.66,10255.01,173.06,11.31,52.18,5.1,140.21,96.74,3378.78,高
RE01466,2025-10-01,2025,10,内蒙古,华北,风电,60848.72,12523.23,211.36,2.74,47.08,6.46,104.2,95.65,3218.52,高
RE01484,2025-11-01,2025,11,内蒙古,华北,风电,62334.44,11540.8,191.64,-0.05,51.64,6.48,120.46,96.56,3681.01,高
RE01502,2025-12-01,2025,12,内蒙古,华北,风电,61438.99,14623.46,245.0,-3.91,26.5,8.57,88.75,96.12,4133.79,高
RE00001,2019-01-01,2019,1,四川,西南,光伏,2543.6,217.66,96.66,4.04,58.43,4.21,77.23,88.38,139.71,低
RE00019,2019-02-01,2019,2,四川,西南,光伏,2638.67,271.94,117.74,4.58,48.37,4.55,89.69,87.37,131.94,低
RE00037,2019-03-01,2019,3,四川,西南,光伏,2636.47,306.91,134.29,13.31,46.06,5.1,119.8,88.38,119.66,低
RE00055,2019-04-01,2019,4,四川,西南,光伏,2753.87,298.41,126.46,14.15,94.25,4.42,146.28,87.17,142.6,低
RE00073,2019-05-01,2019,5,四川,西南,光伏,2722.84,272.52,115.42,21.1,120.77,3.87,141.85,87.67,121.22,低
RE00091,2019-06-01,2019,6,四川,西南,光伏,2761.43,328.25,135.48,25.76,126.09,3.82,160.86,86.41,103.4,低
RE00109,2019-07-01,2019,7,四川,西南,光伏,2793.75,337.03,134.9,26.49,136.9,2.38,158.29,87.32,139.16,低
RE00127,2019-08-01,2019,8,四川,西南,光伏,2807.03,301.51,122.19,25.33,129.17,2.5,128.78,88.48,131.36,低
RE00145,2019-09-01,2019,9,四川,西南,光伏,2958.7,258.11,97.97,23.21,162.5,2.77,115.41,88.78,113.65,低
RE00163,2019-10-01,2019,10,四川,西南,光伏,2990.03,285.5,109.02,14.08,130.19,3.6,102.01,87.49,133.47,低
RE00181,2019-11-01,2019,11,四川,西南,光伏,2908.44,204.23,79.85,12.03,86.23,4.32,62.51,87.41,183.4,低
RE00199,2019-12-01,2019,12,四川,西南,光伏,3074.31,270.26,99.97,10.65,71.68,4.95,73.71,90.22,134.38,低
RE00217,2020-01-01,2020,1,四川,西南,光伏,2983.14,297.53,110.13,5.65,37.26,4.59,89.54,89.76,144.45,低
RE00235,2020-02-01,2020,2,四川,西南,光伏,3181.75,300.51,106.06,10.55,51.59,4.47,85.2,88.3,101.99,低
RE00253,2020-03-01,2020,3,四川,西南,光伏,3176.84,394.64,135.27,13.97,42.77,5.07,130.62,91.79,179.8,低
RE00271,2020-04-01,2020,4,四川,西南,光伏,3221.83,410.4,137.88,13.94,78.66,4.51,134.02,89.71,142.95,低
RE00289,2020-05-01,2020,5,四川,西南,光伏,3148.62,381.48,133.02,21.87,97.38,2.41,147.12,89.8,160.08,低
RE00307,2020-06-01,2020,6,四川,西南,光伏,3294.18,352.51,120.86,28.05,115.98,3.81,145.06,88.87,163.27,低
RE00325,2020-07-01,2020,7,四川,西南,光伏,3338.01,349.59,119.81,29.75,149.44,3.62,140.61,88.95,179.9,低
RE00343,2020-08-01,2020,8,四川,西南,光伏,3192.06,293.47,106.0,27.21,122.24,3.07,111.38,87.85,161.23,低
RE00361,2020-09-01,2020,9,四川,西南,光伏,3421.07,314.14,102.24,24.18,161.45,2.48,102.12,89.06,158.67,低
RE00379,2020-10-01,2020,10,四川,西南,光伏,3590.29,334.25,103.93,16.86,138.76,2.59,97.96,91.04,176.17,低
RE00397,2020-11-01,2020,11,四川,西南,光伏,3510.34,289.43,92.88,11.74,112.25,4.21,71.94,89.37,147.35,低
RE00415,2020-12-01,2020,12,四川,西南,光伏,3482.98,302.29,99.3,8.89,73.4,4.49,89.48,88.73,170.01,低
RE00433,2021-01-01,2021,1,四川,西南,光伏,3587.22,321.38,98.74,6.52,69.41,4.71,82.29,91.78,173.49,中
RE00451,2021-02-01,2021,2,四川,西南,光伏,3689.16,370.73,114.28,6.61,70.72,5.4,92.75,89.61,184.23,中
RE00469,2021-03-01,2021,3,四川,西南,光伏,3808.45,444.15,126.73,14.19,55.81,4.77,114.11,91.52,191.3,中
RE00487,2021-04-01,2021,4,四川,西南,光伏,3674.71,359.65,109.76,16.26,79.08,4.48,109.64,90.47,205.42,中
RE00505,2021-05-01,2021,5,四川,西南,光伏,3916.85,436.89,123.82,22.51,91.97,4.89,139.5,90.21,189.81,中
RE00523,2021-06-01,2021,6,四川,西南,光伏,3846.61,387.96,114.98,29.68,128.28,2.77,132.57,89.21,188.42,中
RE00541,2021-07-01,2021,7,四川,西南,光伏,3908.04,460.73,130.3,32.88,143.72,3.76,147.38,90.31,195.7,中
RE00559,2021-08-01,2021,8,四川,西南,光伏,4014.34,450.57,124.36,24.47,143.02,4.19,127.69,90.89,182.08,中
RE00577,2021-09-01,2021,9,四川,西南,光伏,4034.88,386.58,108.89,22.71,153.89,2.86,125.18,89.99,163.03,中
RE00595,2021-10-01,2021,10,四川,西南,光伏,4068.13,306.71,85.15,17.39,139.71,4.14,75.12,88.69,217.68,中
RE00613,2021-11-01,2021,11,四川,西南,光伏,4133.96,347.02,91.51,12.47,112.16,3.96,84.06,92.48,195.28,中
RE00631,2021-12-01,2021,12,四川,西南,光伏,4189.99,365.03,97.82,4.22,84.11,4.74,83.12,89.08,216.51,中
RE00649,2022-01-01,2022,1,四川,西南,光伏,4371.99,461.31,120.76,5.31,48.02,4.67,85.33,88.79,204.74,中
RE00667,2022-02-01,2022,2,四川,西南,光伏,4403.49,460.59,115.44,7.56,28.55,5.06,89.99,91.05,180.18,中
RE00685,2022-03-01,2022,3,四川,西南,光伏,4363.7,464.31,117.98,12.38,68.34,5.88,117.55,90.08,220.46,中
RE00703,2022-04-01,2022,4,四川,西南,光伏,4542.03,558.24,133.77,15.11,54.33,5.14,120.54,91.57,229.35,中
RE00721,2022-05-01,2022,5,四川,西南,光伏,4472.1,537.68,131.25,23.02,100.49,3.43,146.46,92.38,230.16,中
RE00739,2022-06-01,2022,6,四川,西南,光伏,4426.41,452.52,111.82,31.18,153.75,3.75,145.26,91.22,205.73,中
RE00757,2022-07-01,2022,7,四川,西南,光伏,4713.98,571.76,130.48,27.11,138.34,2.97,148.61,90.87,268.57,中
RE00775,2022-08-01,2022,8,四川,西南,光伏,4747.49,527.35,118.76,26.44,128.05,4.2,129.22,93.59,216.87,中
RE00793,2022-09-01,2022,9,四川,西南,光伏,4861.54,445.08,97.59,24.68,118.88,2.74,91.76,92.0,239.21,中
RE00811,2022-10-01,2022,10,四川,西南,光伏,4815.03,498.59,114.19,19.62,113.73,3.92,100.1,92.74,241.47,中
RE00829,2022-11-01,2022,11,四川,西南,光伏,4726.17,440.24,101.58,10.15,114.42,4.56,84.8,94.4,118.66,中
RE00847,2022-12-01,2022,12,四川,西南,光伏,4939.83,438.86,95.85,8.29,58.92,3.92,64.1,91.48,275.24,中
RE00865,2023-01-01,2023,1,四川,西南,光伏,4970.18,544.29,119.12,7.19,39.98,4.5,89.65,93.36,249.42,中
RE00883,2023-02-01,2023,2,四川,西南,光伏,5001.73,601.19,125.76,5.71,23.84,4.74,97.61,93.49,235.06,中
RE00901,2023-03-01,2023,3,四川,西南,光伏,5334.99,597.82,119.02,13.16,61.56,4.29,118.08,94.26,295.52,中
RE00919,2023-04-01,2023,4,四川,西南,光伏,5305.44,557.97,116.94,14.93,83.02,4.15,133.26,92.06,219.55,中
RE00937,2023-05-01,2023,5,四川,西南,光伏,5455.82,597.06,120.29,21.43,85.18,4.01,135.45,92.27,242.49,中
RE00955,2023-06-01,2023,6,四川,西南,光伏,5423.43,706.98,137.83,27.74,120.4,3.06,149.37,93.42,238.07,中
RE00973,2023-07-01,2023,7,四川,西南,光伏,5525.45,657.61,128.47,27.44,129.65,3.0,142.62,92.72,307.81,中
RE00991,2023-08-01,2023,8,四川,西南,光伏,5512.71,594.82,113.24,26.78,160.91,4.12,128.98,94.5,214.75,中
RE01009,2023-09-01,2023,9,四川,西南,光伏,5733.75,552.75,103.86,22.04,129.3,3.31,111.37,93.95,313.31,中
RE01027,2023-10-01,2023,10,四川,西南,光伏,5736.62,510.72,96.25,17.38,124.37,2.54,79.87,92.87,268.97,中
RE01045,2023-11-01,2023,11,四川,西南,光伏,5728.83,523.97,100.05,11.11,101.57,4.72,84.09,92.68,277.39,中
RE01063,2023-12-01,2023,12,四川,西南,光伏,5774.41,531.77,97.93,5.33,76.13,4.79,69.68,93.71,282.17,中
RE01081,2024-01-01,2024,1,四川,西南,光伏,6102.94,597.9,102.82,5.63,50.43,4.82,62.49,94.66,298.32,中
RE01099,2024-02-01,2024,2,四川,西南,光伏,6145.59,767.55,133.76,5.94,50.28,5.18,111.0,93.77,264.41,中
RE01117,2024-03-01,2024,3,四川,西南,光伏,6091.06,710.58,122.32,11.84,45.79,4.12,108.21,94.09,259.04,中
RE01135,2024-04-01,2024,4,四川,西南,光伏,6226.06,569.25,99.2,18.53,81.03,5.49,113.29,92.64,224.79,中
RE01153,2024-05-01,2024,5,四川,西南,光伏,6216.4,823.45,138.46,22.56,85.73,4.2,139.8,98.14,305.43,中
RE01171,2024-06-01,2024,6,四川,西南,光伏,6536.8,936.23,151.36,26.32,95.39,4.65,165.84,96.2,381.58,中
RE01189,2024-07-01,2024,7,四川,西南,光伏,6523.54,822.87,135.1,25.77,142.97,2.97,145.66,93.52,309.96,中
RE01207,2024-08-01,2024,8,四川,西南,光伏,6703.1,690.63,107.08,25.05,138.75,3.27,133.39,94.46,428.95,中
RE01225,2024-09-01,2024,9,四川,西南,光伏,6680.32,619.84,96.76,22.69,172.37,2.96,106.13,95.13,277.12,中
RE01243,2024-10-01,2024,10,四川,西南,光伏,6659.5,629.76,96.96,19.01,124.2,3.18,89.42,94.13,332.03,中
RE01261,2024-11-01,2024,11,四川,西南,光伏,7041.83,601.58,91.15,16.02,87.95,3.16,68.23,91.88,318.76,中
RE01279,2024-12-01,2024,12,四川,西南,光伏,6920.52,645.52,98.29,7.16,54.73,3.66,85.69,94.67,246.32,中
RE01297,2025-01-01,2025,1,四川,西南,光伏,7005.57,783.17,109.41,6.25,31.66,5.81,79.63,98.67,315.55,高
RE01315,2025-02-01,2025,2,四川,西南,光伏,7311.74,791.74,111.97,9.26,42.03,4.36,88.7,97.06,365.32,高
RE01333,2025-03-01,2025,3,四川,西南,光伏,7148.45,829.96,121.86,9.12,44.1,5.64,103.06,95.17,339.16,高
RE01351,2025-04-01,2025,4,四川,西南,光伏,7092.04,897.86,133.0,15.44,77.74,5.08,140.36,95.63,315.95,高
RE01369,2025-05-01,2025,5,四川,西南,光伏,7172.47,914.65,135.73,23.97,82.39,4.43,134.23,94.35,290.43,高
RE01387,2025-06-01,2025,6,四川,西南,光伏,7543.77,1022.73,142.94,26.48,114.31,3.6,161.93,94.85,385.27,高
RE01405,2025-07-01,2025,7,四川,西南,光伏,7845.95,958.74,131.07,28.58,123.05,3.84,153.13,93.4,419.88,高
RE01423,2025-08-01,2025,8,四川,西南,光伏,7757.99,853.1949999999999,108.75,27.99,142.56,2.8,120.71,93.98,387.48,高
RE01441,2025-09-01,2025,9,四川,西南,光伏,7814.85,747.65,99.79,25.08,144.2,3.49,104.5,97.87,323.53,高
RE01459,2025-10-01,2025,10,四川,西南,光伏,7839.95,669.2,90.82,18.43,128.69,3.74,94.4,95.12,361.94,高
RE01477,2025-11-01,2025,11,四川,西南,光伏,8178.62,700.2,94.03,9.04,108.07,4.36,87.37,91.28,427.85,高
RE01495,2025-12-01,2025,12,四川,西南,光伏,8264.78,891.3,113.21,4.0,45.59,4.39,69.71,93.35,466.48,高
RE00003,2019-01-01,2019,1,四川,西南,水电,52504.66,7296.0,155.71,8.21,74.91,3.71,97.47,86.87,1082.3,低
RE00021,2019-02-01,2019,2,四川,西南,水电,51825.09,5753.91,122.3,11.26,37.07,5.01,98.49,89.32,806.16,低
RE00039,2019-03-01,2019,3,四川,西南,水电,52355.5,6647.21,141.91,13.76,66.62,4.42,111.45,88.2,733.73,低
RE00057,2019-04-01,2019,4,四川,西南,水电,52593.93,6618.37,139.22,15.26,81.125,4.31,132.25,90.83,1055.26,低
RE00075,2019-05-01,2019,5,四川,西南,水电,53600.12,7856.39,164.33,24.48,95.63,2.93,150.27,88.56,887.43,低
RE00093,2019-06-01,2019,6,四川,西南,水电,51935.39,9618.27,207.69,25.66,127.63,2.87,126.87,88.29,864.03,低
RE00111,2019-07-01,2019,7,四川,西南,水电,53497.91,10680.67,221.23,25.22,160.33,2.99,151.05,91.0,862.09,低
RE00129,2019-08-01,2019,8,四川,西南,水电,52683.21,11354.37,243.32,25.24,151.79,2.5,129.64,88.47,1066.08,低
RE00147,2019-09-01,2019,9,四川,西南,水电,53788.5,10305.59,211.73,22.16,140.12,2.44,113.94,88.48,856.2,低
RE00165,2019-10-01,2019,10,四川,西南,水电,53256.84,10273.59,212.99,16.91,152.3,3.56,66.58,89.34,1038.22,低
RE00183,2019-11-01,2019,11,四川,西南,水电,53584.69,9249.02,191.62,8.78,105.11,3.62,84.99,89.72,1257.65,低
RE00201,2019-12-01,2019,12,四川,西南,水电,53269.01,8574.3,176.6,9.25,85.0,4.66,67.18,91.34,1094.91,低
RE00219,2020-01-01,2020,1,四川,西南,水电,54138.47,6249.19,127.55,8.47,47.49,4.43,71.64,91.15,866.42,低
RE00237,2020-02-01,2020,2,四川,西南,水电,54238.28,5169.96,104.68,8.04,40.07,4.4,71.93,90.82,865.22,低
RE00255,2020-03-01,2020,3,四川,西南,水电,53410.13,7010.39,139.12,13.75,63.42,4.61,112.7,92.21,1127.48,低
RE00273,2020-04-01,2020,4,四川,西南,水电,54015.18,6846.24,139.91,16.26,67.95,5.25,138.92,91.98,1171.28,低
RE00291,2020-05-01,2020,5,四川,西南,水电,52279.86,8651.89,183.48,23.27,114.62,3.93,135.35,91.24,1088.99,低
RE00309,2020-06-01,2020,6,四川,西南,水电,55140.35,9068.74,184.75,27.19,109.68,3.95,140.06,90.82,1012.48,低
RE00327,2020-07-01,2020,7,四川,西南,水电,53672.28,9603.83,199.0,29.73,120.38,2.78,153.28,91.96,1070.4,低
RE00345,2020-08-01,2020,8,四川,西南,水电,54948.8,12167.34,251.91,23.45,181.36,2.02,119.57,89.23,1027.54,低
RE00363,2020-09-01,2020,9,四川,西南,水电,55046.95,10904.99,219.38,21.51,142.27,3.39,96.37,91.07,893.53,低
RE00381,2020-10-01,2020,10,四川,西南,水电,54225.5,9275.23,192.27,18.83,128.96,3.26,96.33,89.72,824.47,低
RE00399,2020-11-01,2020,11,四川,西南,水电,54455.17,8276.03,168.07,10.85,94.73,3.93,79.61,91.19,1133.47,低
RE00417,2020-12-01,2020,12,四川,西南,水电,55057.38,8017.83,157.05,4.4,70.76,4.74,72.43,92.59,942.8,低
RE00435,2021-01-01,2021,1,四川,西南,水电,55602.31,9090.82,176.8,4.61,85.92,4.89,69.76,91.99,1161.8,低
RE00453,2021-02-01,2021,2,四川,西南,水电,54996.98,6080.55,121.21,7.79,47.9,5.75,79.36,92.85,923.61,低
RE00471,2021-03-01,2021,3,四川,西南,水电,54352.43,6704.02,133.58,12.59,71.05,4.42,107.29,92.29,769.21,低
RE00489,2021-04-01,2021,4,四川,西南,水电,54679.16,7255.24,145.05,16.93,46.98,4.15,132.0,91.08,960.08,低
RE00507,2021-05-01,2021,5,四川,西南,水电,54828.1,8794.89,166.96,20.31,89.93,4.14,148.08,94.29,959.56,低
RE00525,2021-06-01,2021,6,四川,西南,水电,56027.59,10792.71,211.24,25.52,125.03,3.68,142.34,92.43,861.64,低
RE00543,2021-07-01,2021,7,四川,西南,水电,53204.5,9614.55,196.87,26.98,123.2,4.12,149.93,90.99,1005.61,低
RE00561,2021-08-01,2021,8,四川,西南,水电,53917.32,11052.46,223.08,30.59,144.49,3.16,121.57,91.65,1062.58,低
RE00579,2021-09-01,2021,9,四川,西南,水电,55437.32,10728.01,211.27,22.65,136.19,3.41,99.95,91.81,1170.32,低
RE00597,2021-10-01,2021,10,四川,西南,水电,54890.97,10083.12,205.25,18.45,132.84,3.71,93.24,91.99,1062.4,低
RE00615,2021-11-01,2021,11,四川,西南,水电,55206.64,9164.41,176.0,10.31,97.69,3.56,80.96,92.51,696.32,低
RE00633,2021-12-01,2021,12,四川,西南,水电,56842.04,7578.31,140.51,8.53,85.31,4.97,58.99,91.92,1056.14,低
RE00651,2022-01-01,2022,1,四川,西南,水电,58133.97,6802.9,125.72,7.49,32.7,3.37,60.11,94.36,1071.51,低
RE00669,2022-02-01,2022,2,四川,西南,水电,56993.52,6431.87,122.0,8.38,43.16,4.67,81.04,92.74,1161.8,低
RE00687,2022-03-01,2022,3,四川,西南,水电,55112.72,6946.89,137.04,13.7,63.02,3.91,109.54,93.47,958.46,低
RE00705,2022-04-01,2022,4,四川,西南,水电,56304.7,6820.49,133.83,15.57,55.19,5.47,139.99,94.47,1046.94,低
RE00723,2022-05-01,2022,5,四川,西南,水电,54509.63,9175.83,177.96,21.71,93.24,4.04,155.29,93.91,1011.8,低
RE00741,2022-06-01,2022,6,四川,西南,水电,56487.35,10255.04,187.47,28.72,114.69,3.5,156.09,94.19,1025.98,低
RE00759,2022-07-01,2022,7,四川,西南,水电,56484.49,11792.24,223.76,26.6,143.88,3.18,141.7,93.36,937.29,低
RE00777,2022-08-01,2022,8,四川,西南,水电,57521.3,11881.13,219.47,30.33,149.59,2.7,127.73,93.93,864.62,低
RE00795,2022-09-01,2022,9,四川,西南,水电,55545.91,9747.0,192.36,21.01,140.73,3.4,108.82,92.38,1002.39,低
RE00813,2022-10-01,2022,10,四川,西南,水电,57893.68,12107.89,229.94,17.56,126.62,3.19,111.69,92.72,1051.91,低
RE00831,2022-11-01,2022,11,四川,西南,水电,55866.2,9203.03,182.85,10.12,107.39,3.94,61.33,90.97,1077.02,低
RE00849,2022-12-01,2022,12,四川,西南,水电,57221.66,8636.24,163.3,8.24,88.32,4.33,93.15,92.45,916.26,低
RE00867,2023-01-01,2023,1,四川,西南,水电,56170.46,6657.99,129.32,2.98,63.43,4.71,69.47,92.31,951.86,中
RE00885,2023-02-01,2023,2,四川,西南,水电,59032.91,6720.17,107.11,9.04,27.15,5.19,95.18,95.2,1245.41,中
RE00903,2023-03-01,2023,3,四川,西南,水电,57731.9,6782.35,122.32,7.98,42.72,4.87,108.12,93.8,986.71,中
RE00921,2023-04-01,2023,4,四川,西南,水电,57441.39,7853.12,141.03,17.19,71.52,4.28,124.64,94.97,752.92,中
RE00939,2023-05-01,2023,5,四川,西南,水电,59473.4,8434.55,154.63,21.14,95.15,3.84,152.89,95.85,892.06,中
RE00957,2023-06-01,2023,6,四川,西南,水电,60989.96,11975.47,214.43,25.64,120.15,3.28,155.01,93.24,1136.87,中
RE00975,2023-07-01,2023,7,四川,西南,水电,57766.62,12562.57,231.62,27.61,157.78,2.8,141.17,94.46,1335.89,中
RE00993,2023-08-01,2023,8,四川,西南,水电,57466.21,10904.72,205.53,22.52,142.5,3.1,131.83,93.3,974.54,中
RE01011,2023-09-01,2023,9,四川,西南,水电,57196.77,9539.06,173.16,23.76,117.93,3.35,98.9,95.34,853.08,中
RE01029,2023-10-01,2023,10,四川,西南,水电,59761.67,10655.35,196.71,14.07,113.86,2.83,93.46,91.98,1004.05,中
RE01047,2023-11-01,2023,11,四川,西南,水电,59374.56,9951.89,175.89,9.39,109.01,4.72,82.89,94.91,1056.77,中
RE01065,2023-12-01,2023,12,四川,西南,水电,59760.76,8245.18,149.37,9.74,72.92,4.54,67.33,93.71,1366.88,中
RE01083,2024-01-01,2024,1,四川,西南,水电,60120.65,6865.14,121.55,6.9,39.31,4.19,75.96,95.52,1263.76,中
RE01101,2024-02-01,2024,2,四川,西南,水电,61142.88,5933.62,101.56,9.45,17.77,5.84,99.53,97.53,955.72,中
RE01119,2024-03-01,2024,3,四川,西南,水电,59617.04,8042.55,140.14,11.64,59.39,5.16,110.44,96.175,842.72,中
RE01137,2024-04-01,2024,4,四川,西南,水电,60297.69,8310.05,143.82,19.05,72.39,5.13,132.78,94.82,1011.69,中
RE01155,2024-05-01,2024,5,四川,西南,水电,60095.69,8499.98,152.44,27.03,93.75,4.55,135.7,93.6,978.35,中
RE01173,2024-06-01,2024,6,四川,西南,水电,57705.67,11031.18,204.55,26.34,137.65,4.18,151.17,94.43,779.8,中
RE01191,2024-07-01,2024,7,四川,西南,水电,60233.0,11711.39,205.69,29.71,137.89,2.51,139.05,96.81,1103.69,中
RE01209,2024-08-01,2024,8,四川,西南,水电,59621.4,12892.62,225.74,28.91,159.07,4.4,122.5,94.59,1011.2,中
RE01227,2024-09-01,2024,9,四川,西南,水电,60127.49,12864.59,223.7,23.49,160.71,3.89,115.27,94.51,915.41,中
RE01245,2024-10-01,2024,10,四川,西南,水电,60287.21,10149.04,185.82,18.07,108.33,3.39,80.96,93.1,1185.12,中
RE01263,2024-11-01,2024,11,四川,西南,水电,58470.95,9770.46,178.97,12.3,88.78,3.28,69.24,94.69,1016.25,中
RE01281,2024-12-01,2024,12,四川,西南,水电,61228.37,9201.77,157.8,8.36,83.52,4.27,65.15,95.95,822.08,中
RE01299,2025-01-01,2025,1,四川,西南,水电,60748.11,8368.28,149.36,2.75,58.05,4.17,74.66,95.22,994.93,中
RE01317,2025-02-01,2025,2,四川,西南,水电,61349.2,7473.32,122.68,7.98,73.66,4.96,103.46,97.57,1048.48,中
RE01335,2025-03-01,2025,3,四川,西南,水电,62179.24,8192.52,139.02,12.34,56.35,4.86,116.14,94.77,1459.7,中
RE01353,2025-04-01,2025,4,四川,西南,水电,60693.42,7743.61,129.92,18.66,60.65,4.76,113.42,97.23,1066.61,中
RE01371,2025-05-01,2025,5,四川,西南,水电,60044.73,8464.12,145.86,23.7,101.41,3.67,145.55,97.9,1305.55,中
RE01389,2025-06-01,2025,6,四川,西南,水电,60029.65,12691.83,217.79,24.21,125.36,4.68,138.77,98.55,1007.05,中
RE01407,2025-07-01,2025,7,四川,西南,水电,59316.39,12159.38,212.28,27.11,141.13,2.04,120.55,96.78,930.13,中
RE01425,2025-08-01,2025,8,四川,西南,水电,61245.89,14508.29,250.13,26.52,170.68,3.16,126.13,96.49,1093.94,中
RE01443,2025-09-01,2025,9,四川,西南,水电,60685.22,11854.405,212.8,21.73,130.33,4.05,119.33,95.19,1006.91,中
RE01461,2025-10-01,2025,10,四川,西南,水电,61506.63,9200.52,157.96,16.060000000000002,86.69,3.28,89.83,95.2,1150.01,中
RE01479,2025-11-01,2025,11,四川,西南,水电,61241.9,10438.82,179.03,10.39,95.38,3.77,78.22,95.97,1121.7,中
RE01497,2025-12-01,2025,12,四川,西南,水电,62123.3,9566.85,159.15,7.99,74.86,4.27,73.65,95.88,1048.45,中
RE00002,2019-01-01,2019,1,四川,西南,风电,3157.36,506.92,186.79,5.74,61.05,5.67,81.48,87.01,177.51,低
RE00020,2019-02-01,2019,2,四川,西南,风电,3183.84,420.15,145.06,7.73,58.96,4.32,86.59,90.63,170.25,低
RE00038,2019-03-01,2019,3,四川,西南,风电,3250.2,408.3,139.35,10.62,42.38,4.31,107.82,89.79,164.08,低
RE00056,2019-04-01,2019,4,四川,西南,风电,3353.55,452.58,155.43,17.59,72.03,4.69,126.05,87.08,146.63,低
RE00074,2019-05-01,2019,5,四川,西南,风电,3240.75,532.2,185.12,18.54,74.4,5.21,149.28,88.03,161.47,低
RE00092,2019-06-01,2019,6,四川,西南,风电,3363.38,387.38,131.61,29.33,126.62,3.69,130.91,87.81,187.48,低
RE00110,2019-07-01,2019,7,四川,西南,风电,3355.35,403.55,137.28,28.12,163.15,3.65,144.46,88.01,153.96,低
RE00128,2019-08-01,2019,8,四川,西南,风电,3365.52,450.46,150.06,25.71,161.07,4.25,144.3,89.23,119.78,低
RE00146,2019-09-01,2019,9,四川,西南,风电,3477.4,378.79,119.85,19.9,135.0,3.42,100.03,89.37,176.28,低
RE00164,2019-10-01,2019,10,四川,西南,风电,3435.0,475.92,155.66,18.72,110.82,4.23,79.83,88.26,180.1,低
RE00182,2019-11-01,2019,11,四川,西南,风电,3581.27,509.58,164.43,12.98,77.86,5.21,68.83,87.14,160.49,低
RE00200,2019-12-01,2019,12,四川,西南,风电,3590.6,510.71,164.95,7.49,79.43,4.35,56.48,88.31,136.72,低
RE00218,2020-01-01,2020,1,四川,西南,风电,3598.28,532.18,158.8,4.74,78.96,4.22,59.68,92.33,172.26,低
RE00236,2020-02-01,2020,2,四川,西南,风电,3630.25,463.92,142.52,10.56,38.79,4.57,114.98,88.74,177.35,低
RE00254,2020-03-01,2020,3,四川,西南,风电,3682.36,454.22,142.8,9.29,28.65,4.83,109.75,87.41,178.68,低
RE00272,2020-04-01,2020,4,四川,西南,风电,3589.21,536.61,168.39,16.11,73.26,4.64,129.78,87.41,141.63,低
RE00290,2020-05-01,2020,5,四川,西南,风电,3643.47,519.1,159.11,21.17,83.91,3.67,141.83,88.63,149.06,低
RE00308,2020-06-01,2020,6,四川,西南,风电,3781.72,449.29,132.46,27.29,99.69,3.33,150.6,90.95,175.47,低
RE00326,2020-07-01,2020,7,四川,西南,风电,3650.13,380.93,113.95,28.64,147.35,3.1,136.08,90.43,174.33,低
RE00344,2020-08-01,2020,8,四川,西南,风电,3864.11,377.78,110.97,28.92,146.46,3.06,133.87,88.39,243.09,低
RE00362,2020-09-01,2020,9,四川,西南,风电,3823.82,379.19,109.98,24.52,153.03,2.66,109.11,89.96,167.64,低
RE00380,2020-10-01,2020,10,四川,西南,风电,3808.36,467.17,135.31,17.58,96.66,3.53,96.55,88.26,177.57,低
RE00398,2020-11-01,2020,11,四川,西南,风电,3810.67,473.2,135.2,10.85,70.14,3.22,76.83,92.48,153.59,低
RE00416,2020-12-01,2020,12,四川,西南,风电,3860.82,495.65,144.93,6.93,61.1,3.89,91.4,89.41,153.25,低
RE00434,2021-01-01,2021,1,四川,西南,风电,3958.29,514.96,143.85,4.63,59.33,3.85,80.33,91.36,199.38,中
RE00452,2021-02-01,2021,2,四川,西南,风电,4049.8,618.57,172.72,7.49,55.0,4.61,93.15,89.79,189.78,中
RE00470,2021-03-01,2021,3,四川,西南,风电,4084.44,600.02,163.44,12.34,55.25,5.16,112.8,90.72,159.99,中
RE00488,2021-04-01,2021,4,四川,西南,风电,4042.77,577.88,162.78,16.57,69.66,4.54,121.73,89.04,182.17,中
RE00506,2021-05-01,2021,5,四川,西南,风电,4148.61,483.6,128.42,21.39,82.4,3.38,140.87,90.07,194.83,中
RE00524,2021-06-01,2021,6,四川,西南,风电,4205.63,554.64,149.32,28.07,129.71,4.18,137.79,91.42,208.52,中
RE00542,2021-07-01,2021,7,四川,西南,风电,4262.56,365.4,92.63,27.45,143.66,2.27,150.24,93.16,252.31,中
RE00560,2021-08-01,2021,8,四川,西南,风电,4149.14,486.62,128.74,24.4,136.35,3.13,139.96,91.64,220.41,中
RE00578,2021-09-01,2021,9,四川,西南,风电,4183.86,417.32,112.46,22.95,124.13,1.91,117.69,91.96,182.97,中
RE00596,2021-10-01,2021,10,四川,西南,风电,4296.67,492.97,125.07,16.47,104.74,3.77,96.33,89.9,184.48,中
RE00614,2021-11-01,2021,11,四川,西南,风电,4346.06,536.47,137.01,14.22,104.51,3.79,75.16,89.71,186.75,中
RE00632,2021-12-01,2021,12,四川,西南,风电,4380.15,539.86,135.74,8.89,71.68,3.92,69.13,90.5,196.07,中
RE00650,2022-01-01,2022,1,四川,西南,风电,4479.1,659.19,158.66,9.03,54.25,4.91,70.17,94.27,228.21,中
RE00668,2022-02-01,2022,2,四川,西南,风电,4317.15,577.32,144.73,8.05,65.72,4.54,100.2,90.77,219.29,中
RE00686,2022-03-01,2022,3,四川,西南,风电,4458.04,715.61,171.7,13.08,61.76,5.27,108.26,92.93,171.89,中
RE00704,2022-04-01,2022,4,四川,西南,风电,4583.03,693.96,164.88,16.11,68.82,4.62,136.7,91.15,225.66,中
RE00722,2022-05-01,2022,5,四川,西南,风电,4730.19,588.0,136.36,21.09,109.34,3.86,143.7,91.41,222.93,中
RE00740,2022-06-01,2022,6,四川,西南,风电,4671.86,502.65,115.78,27.8,115.01,3.02,141.15,92.61,171.8,中
RE00758,2022-07-01,2022,7,四川,西南,风电,4477.8,451.36,110.43,25.05,125.38,2.75,138.09,90.47,219.48,中
RE00776,2022-08-01,2022,8,四川,西南,风电,4603.92,562.54,131.16,27.22,164.96,2.76,150.27,93.69,202.45,中
RE00794,2022-09-01,2022,9,四川,西南,风电,4659.88,480.95,111.47,18.32,123.47,3.1,119.73,91.2,246.91,中
RE00812,2022-10-01,2022,10,四川,西南,风电,4805.6,648.17,148.7,17.09,90.47,3.86,85.72,90.8,222.21,中
RE00830,2022-11-01,2022,11,四川,西南,风电,4713.57,618.33,145.85,10.38,63.83,4.55,90.64,90.98,191.67,中
RE00848,2022-12-01,2022,12,四川,西南,风电,4979.37,620.55,135.43,5.68,67.54,4.6,75.51,91.53,206.75,中
RE00866,2023-01-01,2023,1,四川,西南,风电,4948.41,791.96,179.07,5.34,70.63,5.2,46.23,91.95,226.95,中
RE00884,2023-02-01,2023,2,四川,西南,风电,4898.46,895.69,196.27,11.25,47.43,5.23,93.54,92.85,225.49,中
RE00902,2023-03-01,2023,3,四川,西南,风电,5007.63,831.26,178.85,12.72,31.31,5.17,107.36,92.39,260.18,中
RE00920,2023-04-01,2023,4,四川,西南,风电,5066.36,800.78,168.49,16.65,109.46,4.95,107.96,93.52,247.48,中
RE00938,2023-05-01,2023,5,四川,西南,风电,4847.36,424.18,96.14,21.98,123.66,3.65,142.4,93.43,201.61,中
RE00956,2023-06-01,2023,6,四川,西南,风电,5017.77,660.9,139.26,24.93,126.93,3.76,159.88,93.67,263.14,中
RE00974,2023-07-01,2023,7,四川,西南,风电,4947.09,650.15,140.73,27.83,131.9,3.79,151.83,93.93,263.53,中
RE00992,2023-08-01,2023,8,四川,西南,风电,5071.17,647.91,135.15,27.27,161.58,2.99,146.03,93.82,241.79,中
RE01010,2023-09-01,2023,9,四川,西南,风电,5160.63,511.41,105.61,19.61,135.09,2.17,120.73,93.72,320.73,中
RE01028,2023-10-01,2023,10,四川,西南,风电,5274.64,689.39,144.85,16.78,123.99,3.59,102.01,92.74,304.57,中
RE01046,2023-11-01,2023,11,四川,西南,风电,5439.9,550.51,106.9,12.64,93.18,3.49,63.05,94.26,276.98,中
RE01064,2023-12-01,2023,12,四川,西南,风电,5338.92,729.69,150.93,6.44,53.45,3.62,68.91,92.14,252.85,中
RE01082,2024-01-01,2024,1,四川,西南,风电,5447.12,932.46,177.49,5.96,43.5,5.07,72.71,94.48,215.36,中
RE01100,2024-02-01,2024,2,四川,西南,风电,5418.43,882.84,171.34,8.91,44.93,4.81,86.36,93.9,225.75,中
RE01118,2024-03-01,2024,3,四川,西南,风电,5504.18,867.0,164.06,11.5,55.15,4.71,110.78,94.05,290.07,中
RE01136,2024-04-01,2024,4,四川,西南,风电,5519.51,880.665,158.25,15.92,52.34,4.83,128.88,93.83,273.6,中
RE01154,2024-05-01,2024,5,四川,西南,风电,5674.79,894.33,167.96,22.68,88.43,4.85,146.31,94.24,228.27,中
RE01172,2024-06-01,2024,6,四川,西南,风电,5605.13,601.3,114.21,26.57,124.65,2.89,167.87,95.87,280.06,中
RE01190,2024-07-01,2024,7,四川,西南,风电,5703.38,659.82,122.92,28.86,176.95,3.35,134.88,93.53,255.09,中
RE01208,2024-08-01,2024,8,四川,西南,风电,5581.27,575.85,109.17,27.29,147.5,2.91,131.22,94.55,319.04,中
RE01226,2024-09-01,2024,9,四川,西南,风电,5744.01,759.78,135.02,25.38,146.6,3.34,130.72,93.36,339.07,中
RE01244,2024-10-01,2024,10,四川,西南,风电,5790.79,783.06,143.61,15.25,106.15,3.71,90.29,93.44,230.59,中
RE01262,2024-11-01,2024,11,四川,西南,风电,5768.07,762.41,135.59,9.25,99.71,4.23,68.86,95.92,267.19,中
RE01280,2024-12-01,2024,12,四川,西南,风电,5918.22,820.46,149.65,9.28,70.56,4.69,83.52,93.28,282.08,中
RE01298,2025-01-01,2025,1,四川,西南,风电,6085.72,1015.41,179.7,5.1,48.67,5.37,81.16,93.04,248.23,高
RE01316,2025-02-01,2025,2,四川,西南,风电,6125.71,972.25,165.62,9.85,59.8,4.65,88.14,95.41,305.43,高
RE01334,2025-03-01,2025,3,四川,西南,风电,6197.23,945.67,158.62,14.63,64.33,4.79,108.32,96.97,379.96,高
RE01352,2025-04-01,2025,4,四川,西南,风电,5996.96,823.83,141.4,13.14,90.63,4.48,126.08,94.53,290.89,高
RE01370,2025-05-01,2025,5,四川,西南,风电,6253.39,816.55,135.65,23.16,98.83,3.32,151.63,94.41,316.42,高
RE01388,2025-06-01,2025,6,四川,西南,风电,5918.15,639.86,113.37,27.17,89.89,2.96,139.98,95.45,252.12,高
RE01406,2025-07-01,2025,7,四川,西南,风电,6533.49,732.51,122.9,29.11,145.87,3.17,141.0,93.01,295.76,高
RE01424,2025-08-01,2025,8,四川,西南,风电,6307.81,615.58,104.5,31.36,110.87,3.21,114.91,95.2,275.74,高
RE01442,2025-09-01,2025,9,四川,西南,风电,6435.38,905.2,146.12,22.15,117.69,4.16,111.9,95.66,289.11,高
RE01460,2025-10-01,2025,10,四川,西南,风电,6452.18,889.76,140.4,16.92,133.28,3.62,105.55,96.71,287.92,高
RE01478,2025-11-01,2025,11,四川,西南,风电,6709.29,684.94,106.45,11.76,91.44,3.12,82.04,94.84,335.48,高
RE01496,2025-12-01,2025,12,四川,西南,风电,6426.35,722.58,114.32,7.59,89.68,4.04,73.49,96.91,323.77,高
RE00016,2019-01-01,2019,1,广东,华南,光伏,10367.81,1013.59,112.41,14.52,42.46,5.05,89.0,87.37,534.97,低
RE00034,2019-02-01,2019,2,广东,华南,光伏,10681.73,988.04,104.07,12.22,57.73,5.91,96.08,88.46,578.83,低
RE00052,2019-03-01,2019,3,广东,华南,光伏,10629.64,1124.84,122.82,16.15,55.28,5.73,130.94,86.61,666.94,低
RE00070,2019-04-01,2019,4,广东,华南,光伏,10547.24,1290.62,133.57,25.0,98.24,4.33,151.1,89.53,589.23,低
RE00088,2019-05-01,2019,5,广东,华南,光伏,11026.19,1498.91,150.36,25.61,73.89,3.78,160.75,88.8,498.68,低
RE00106,2019-06-01,2019,6,广东,华南,光伏,11443.97,1606.44,153.95,34.81,112.57,3.89,177.13,89.19,536.9,低
RE00124,2019-07-01,2019,7,广东,华南,光伏,11250.17,1160.41,116.38,32.78,149.78,3.67,153.07,88.01,694.75,低
RE00142,2019-08-01,2019,8,广东,华南,光伏,11272.96,1054.36,106.63,33.86,156.18,2.95,130.9,87.24,629.64,低
RE00160,2019-09-01,2019,9,广东,华南,光伏,11866.63,1230.08,116.49,26.7,151.64,3.55,116.26,89.04,665.31,低
RE00178,2019-10-01,2019,10,广东,华南,光伏,12138.81,1111.63,103.57,21.67,148.61,3.97,114.42,87.91,592.65,低
RE00196,2019-11-01,2019,11,广东,华南,光伏,11945.85,998.43,91.7,14.92,92.31,3.98,72.43,89.97,579.01,低
RE00214,2019-12-01,2019,12,广东,华南,光伏,12273.71,1015.67,91.46,11.31,71.43,5.28,68.47,89.48,661.68,低
RE00232,2020-01-01,2020,1,广东,华南,光伏,12762.04,1211.52,106.29,9.26,63.88,4.46,90.74,89.46,569.55,中
RE00250,2020-02-01,2020,2,广东,华南,光伏,12604.7,1545.48,138.74,10.05,24.66,6.4,125.55,89.03,732.08,中
RE00268,2020-03-01,2020,3,广东,华南,光伏,12481.36,1501.69,132.92,15.75,69.23,5.64,123.08,90.04,549.24,中
RE00286,2020-04-01,2020,4,广东,华南,光伏,13202.05,1712.44,139.06,22.23,87.32,4.17,157.96,92.03,638.86,中
RE00304,2020-05-01,2020,5,广东,华南,光伏,13096.25,1509.85,125.4,34.38,103.6,4.21,134.49,90.75,630.72,中
RE00322,2020-06-01,2020,6,广东,华南,光伏,13182.87,1624.71,134.13,31.62,93.83,3.71,153.19,90.53,625.08,中
RE00340,2020-07-01,2020,7,广东,华南,光伏,13651.47,1499.47,123.21,35.55,188.13,3.82,158.54,89.15,791.1,中
RE00358,2020-08-01,2020,8,广东,华南,光伏,13552.47,1421.4,116.5,33.15,171.57,3.28,132.83,89.98,427.82,中
RE00376,2020-09-01,2020,9,广东,华南,光伏,14070.3,1432.38,110.53,27.23,137.52,3.3,121.63,90.73,698.03,中
RE00394,2020-10-01,2020,10,广东,华南,光伏,14332.84,1138.1,85.82,20.93,146.7,3.57,105.52,91.54,660.68,中
RE00412,2020-11-01,2020,11,广东,华南,光伏,14774.9,1335.09,100.96,20.43,99.58,3.74,83.32,89.35,664.2,中
RE00430,2020-12-01,2020,12,广东,华南,光伏,14625.17,1278.18,96.88,13.8,94.18,5.11,84.28,89.25,775.03,中
RE00448,2021-01-01,2021,1,广东,华南,光伏,14901.66,1318.01,98.6,10.14,74.05,4.81,67.53,92.3,745.99,中
RE00466,2021-02-01,2021,2,广东,华南,光伏,14958.11,1582.43,117.59,10.58,68.99,5.09,106.25,88.89,599.94,中
RE00484,2021-03-01,2021,3,广东,华南,光伏,15499.78,1645.51,118.64,19.54,86.05,5.81,129.68,89.51,799.68,中
RE00502,2021-04-01,2021,4,广东,华南,光伏,15384.17,2226.73,158.26,19.83,72.83,4.96,158.56,91.18,915.55,中
RE00520,2021-05-01,2021,5,广东,华南,光伏,15920.73,1958.76,134.48,28.15,92.83,3.94,158.37,90.95,795.97,中
RE00538,2021-06-01,2021,6,广东,华南,光伏,15916.4,1958.35,131.0,33.07,123.46,3.82,160.36,92.35,594.37,中
RE00556,2021-07-01,2021,7,广东,华南,光伏,16412.99,2051.81,138.56,34.64,154.12,3.16,166.19,89.47,878.2,中
RE00574,2021-08-01,2021,8,广东,华南,光伏,16697.83,1949.54,124.53,34.87,169.36,3.02,148.28,91.78,867.98,中
RE00592,2021-09-01,2021,9,广东,华南,光伏,16891.71,1645.95,108.67,29.18,127.45,3.13,128.38,88.96,743.64,中
RE00610,2021-10-01,2021,10,广东,华南,光伏,16814.42,1469.33,97.06,22.03,136.94,4.05,98.63,90.84,889.4,中
RE00628,2021-11-01,2021,11,广东,华南,光伏,17330.26,1521.66,98.84,17.31,95.78,4.8,82.75,90.41,968.52,中
RE00646,2021-12-01,2021,12,广东,华南,光伏,17161.68,1649.75,106.89,15.68,70.99,3.84,85.07,89.98,704.47,中
RE00664,2022-01-01,2022,1,广东,华南,光伏,18103.97,1677.58,99.05,13.83,63.21,5.06,80.11,93.15,792.45,中
RE00682,2022-02-01,2022,2,广东,华南,光伏,17596.13,1747.47,110.32,11.32,39.16,4.98,88.53,92.06,966.16,中
RE00700,2022-03-01,2022,3,广东,华南,光伏,17996.47,2156.74,130.26,16.02,39.25,5.23,123.35,91.61,1018.04,中
RE00718,2022-04-01,2022,4,广东,华南,光伏,18769.99,2549.9,145.49,22.38,59.92,4.63,153.09,92.13,958.39,中
RE00736,2022-05-01,2022,5,广东,华南,光伏,18525.23,2714.63,158.13,29.29,92.53,4.14,169.0,91.07,885.74,中
RE00754,2022-06-01,2022,6,广东,华南,光伏,19009.9,2295.02,132.08,31.76,134.05,3.84,185.88,90.28,945.52,中
RE00772,2022-07-01,2022,7,广东,华南,光伏,18920.49,2479.05,138.47,32.74,151.56,2.58,167.96,93.58,714.36,中
RE00790,2022-08-01,2022,8,广东,华南,光伏,19498.43,2136.68,117.01,30.8,150.61,3.99,117.97,92.59,1096.01,中
RE00808,2022-09-01,2022,9,广东,华南,光伏,20157.34,2086.93,115.05,25.32,149.19,4.24,126.85,92.14,873.64,中
RE00826,2022-10-01,2022,10,广东,华南,光伏,20048.82,2021.83,115.21,21.37,129.94,3.43,123.16,91.88,866.19,中
RE00844,2022-11-01,2022,11,广东,华南,光伏,20585.81,1858.66,101.12,14.23,104.8,4.49,96.28,90.89,1335.42,中
RE00862,2022-12-01,2022,12,广东,华南,光伏,21047.17,2174.47,111.25,15.54,78.29,4.98,89.41,92.69,1078.25,中
RE00880,2023-01-01,2023,1,广东,华南,光伏,21099.34,2010.96,104.65,12.55,25.6,5.15,89.73,92.91,1173.08,中
RE00898,2023-02-01,2023,2,广东,华南,光伏,21119.15,2310.9,116.91,14.09,41.57,4.33,97.48,93.33,1112.76,中
RE00916,2023-03-01,2023,3,广东,华南,光伏,21305.75,2040.14,103.81,17.95,60.98,5.79,110.57,92.6,1225.79,中
RE00934,2023-04-01,2023,4,广东,华南,光伏,21838.05,2728.94,127.95,24.75,81.6,4.72,122.99,96.33,1151.78,中
RE00952,2023-05-01,2023,5,广东,华南,光伏,23020.98,3118.74,143.27,27.95,97.61,4.22,166.13,94.54,1202.99,中
RE00970,2023-06-01,2023,6,广东,华南,光伏,22664.08,2874.04,137.18,32.88,137.27,4.15,166.63,94.17,961.19,中
RE00988,2023-07-01,2023,7,广东,华南,光伏,22887.22,2497.22,115.25,34.9,147.81,3.15,151.98,94.94,1207.32,中
RE01006,2023-08-01,2023,8,广东,华南,光伏,23006.31,2312.7,108.5,30.64,161.46,3.27,133.25,93.41,1465.13,中
RE01024,2023-09-01,2023,9,广东,华南,光伏,24226.29,2592.05,110.76,29.14,146.74,3.91,129.9,93.84,1295.87,中
RE01042,2023-10-01,2023,10,广东,华南,光伏,24398.63,2413.9,107.26,22.93,120.66,2.82,111.41,93.9,1417.2,中
RE01060,2023-11-01,2023,11,广东,华南,光伏,24679.23,2090.15,89.2,15.93,102.33,5.28,79.56,94.54,1247.82,中
RE01078,2023-12-01,2023,12,广东,华南,光伏,23892.37,2120.64,94.59,12.95,76.7,4.59,78.47,92.57,1304.17,中
RE01096,2024-01-01,2024,1,广东,华南,光伏,25343.52,2816.56,119.13,11.93,84.73,5.55,102.48,93.59,1191.84,高
RE01114,2024-02-01,2024,2,广东,华南,光伏,24517.22,3138.16,129.61,15.2,63.84,6.21,108.16,95.24,1187.17,高
RE01132,2024-03-01,2024,3,广东,华南,光伏,24909.74,3053.22,128.52,13.31,59.34,5.51,125.97,95.02,1005.91,高
RE01150,2024-04-01,2024,4,广东,华南,光伏,26299.36,3715.43,149.05,23.33,93.16,5.08,148.63,93.13,1055.9,高
RE01168,2024-05-01,2024,5,广东,华南,光伏,26215.33,3303.22,135.26,27.34,93.93,4.17,159.22,94.0,1573.75,高
RE01186,2024-06-01,2024,6,广东,华南,光伏,26749.54,3377.8,134.02,31.99,120.24,3.89,152.05,93.43,1337.29,高
RE01204,2024-07-01,2024,7,广东,华南,光伏,26782.82,3216.53,124.98,35.04,151.9,3.25,140.86,95.17,1320.32,高
RE01222,2024-08-01,2024,8,广东,华南,光伏,27319.05,3046.8,117.58,29.75,160.31,3.46,155.41,94.77,1609.3,高
RE01240,2024-09-01,2024,9,广东,华南,光伏,28024.48,2909.13,110.23,30.31,158.35,3.87,132.37,94.61,1581.79,高
RE01258,2024-10-01,2024,10,广东,华南,光伏,28420.0,2950.06,104.47,22.27,141.78,3.41,109.72,95.79,1664.72,高
RE01276,2024-11-01,2024,11,广东,华南,光伏,29375.94,2833.51,98.5,15.65,104.15,3.86,80.13,93.69,1489.86,高
RE01294,2024-12-01,2024,12,广东,华南,光伏,29338.22,2704.49,99.84,11.97,74.47,3.79,88.67,93.63,1372.48,高
RE01312,2025-01-01,2025,1,广东,华南,光伏,29873.05,3271.77,114.4,12.78,43.75,4.81,93.37,95.91,1406.32,高
RE01330,2025-02-01,2025,2,广东,华南,光伏,28809.75,3360.74,124.2,14.46,54.58,5.02,114.35,96.87,2048.54,高
RE01348,2025-03-01,2025,3,广东,华南,光伏,30306.02,3754.51,130.67,18.98,50.18,4.78,120.6,95.8,1422.95,高
RE01366,2025-04-01,2025,4,广东,华南,光伏,31823.77,4015.09,131.9,24.76,83.5,5.0,146.53,95.77,1633.27,高
RE01384,2025-05-01,2025,5,广东,华南,光伏,31353.74,4873.25,159.8,31.47,97.87,5.19,175.41,95.49,1644.44,高
RE01402,2025-06-01,2025,6,广东,华南,光伏,31882.18,4423.02,142.82,33.17,133.55,4.84,170.72,95.91,1755.79,高
RE01420,2025-07-01,2025,7,广东,华南,光伏,32496.09,4098.78,133.13,33.84,166.55,2.01,163.21,96.98,1587.15,高
RE01438,2025-08-01,2025,8,广东,华南,光伏,32992.17,3888.21,123.95,32.23,149.15,3.08,147.68,94.62,1570.85,高
RE01456,2025-09-01,2025,9,广东,华南,光伏,33214.73,3844.97,120.29,31.1,132.18,2.84,132.38,96.72,1516.1,高
RE01474,2025-10-01,2025,10,广东,华南,光伏,33071.45,3526.16,109.69,24.02,124.52,3.63,113.52,96.97,1635.25,高
RE01492,2025-11-01,2025,11,广东,华南,光伏,34455.96,3817.48,112.27,17.57,106.5,4.72,95.66,96.13,1490.28,高
RE01510,2025-12-01,2025,12,广东,华南,光伏,35852.59,3359.65,96.05,14.84,90.15,4.72,79.57,96.49,2115.09,高
RE00018,2019-01-01,2019,1,广东,华南,水电,14922.71,1499.09,116.18,11.71,39.14,5.4,83.8,87.99,349.59,低
RE00036,2019-02-01,2019,2,广东,华南,水电,14083.73,1352.14,106.91,11.33,48.67,5.09,102.58,88.41,272.42,低
RE00054,2019-03-01,2019,3,广东,华南,水电,14799.34,1586.98,117.23,17.2,37.5,5.29,113.1,91.89,442.85,低
RE00072,2019-04-01,2019,4,广东,华南,水电,14431.63,1818.52,136.9,23.27,47.47,5.89,140.52,90.59,374.48,低
RE00090,2019-05-01,2019,5,广东,华南,水电,14952.57,2216.95,165.53,28.89,93.99,4.23,156.13,88.21,307.87,低
RE00108,2019-06-01,2019,6,广东,华南,水电,14529.09,2519.51,190.15,31.87,119.85,3.96,179.31,89.18,281.67,低
RE00126,2019-07-01,2019,7,广东,华南,水电,14491.28,2658.12,201.35,34.81,122.55,3.32,148.71,91.89,311.41,低
RE00144,2019-08-01,2019,8,广东,华南,水电,14949.3,3214.54,233.49,32.01,160.49,2.82,152.2,92.17,359.5,低
RE00162,2019-09-01,2019,9,广东,华南,水电,14803.71,2602.13,199.16,26.3,131.74,2.98,121.37,88.55,283.18,低
RE00180,2019-10-01,2019,10,广东,华南,水电,15080.7,3174.63,224.55,22.63,140.54,4.55,94.75,91.39,389.96,低
RE00198,2019-11-01,2019,11,广东,华南,水电,14771.21,2148.95,161.68,17.21,93.32,4.81,82.98,89.48,303.34,低
RE00216,2019-12-01,2019,12,广东,华南,水电,15329.24,2056.33,151.12,14.4,77.05,4.56,88.73,88.19,311.4,低
RE00234,2020-01-01,2020,1,广东,华南,水电,14951.05,1556.19,116.65,9.0,32.54,4.9,94.95,89.21,329.86,低
RE00252,2020-02-01,2020,2,广东,华南,水电,15294.28,2340.48,162.82,14.39,82.28,5.34,120.29,93.05,344.39,低
RE00270,2020-03-01,2020,3,广东,华南,水电,15079.42,1626.97,119.81,18.54,52.28,4.52,113.32,90.78,360.88,低
RE00288,2020-04-01,2020,4,广东,华南,水电,15144.29,1936.91,141.82,23.05,72.94,4.73,151.93,90.2,385.56,低
RE00306,2020-05-01,2020,5,广东,华南,水电,15415.82,2563.97,180.7,27.78,114.8,3.42,179.0,90.45,378.71,低
RE00324,2020-06-01,2020,6,广东,华南,水电,15300.5,2403.92,175.08,29.67,121.02,3.17,166.15,91.2,337.27,低
RE00342,2020-07-01,2020,7,广东,华南,水电,15295.64,3361.76,237.03,32.77,188.89,4.36,162.6,92.59,355.13,低
RE00360,2020-08-01,2020,8,广东,华南,水电,15202.99,3301.11,235.13,33.68,173.27999999999997,3.24,143.51,92.04,353.9,低
RE00378,2020-09-01,2020,9,广东,华南,水电,15432.15,3340.88,245.45,26.98,157.67,4.09,111.95,91.38,344.88,低
RE00396,2020-10-01,2020,10,广东,华南,水电,15010.67,2775.14,205.65,24.11,128.91,3.98,106.69,90.72,404.96,低
RE00414,2020-11-01,2020,11,广东,华南,水电,15193.75,2624.93,186.39,19.59,111.83,4.18,93.6,89.69,394.98,低
RE00432,2020-12-01,2020,12,广东,华南,水电,15672.36,1833.91,124.62,14.75,57.52,4.91,83.33,91.16,335.83,低
RE00450,2021-01-01,2021,1,广东,华南,水电,15315.86,1694.79,118.98,9.13,58.85,5.1,67.08,93.09,433.39,低
RE00468,2021-02-01,2021,2,广东,华南,水电,16076.44,1762.45,116.43,12.22,65.08,5.21,85.33,94.5,435.18,低
RE00486,2021-03-01,2021,3,广东,华南,水电,15871.8,1494.01,103.8,20.21,60.02,4.97,130.89,90.49,379.42,低
RE00504,2021-04-01,2021,4,广东,华南,水电,15975.06,2397.83,168.94,24.25,92.91,4.98,154.57,90.61,387.06,低
RE00522,2021-05-01,2021,5,广东,华南,水电,15699.44,2589.44,174.15,28.0,94.28,5.11,151.49,92.84,386.67,低
RE00540,2021-06-01,2021,6,广东,华南,水电,15662.43,3049.57,213.33,34.97,144.66,4.41,177.11,90.93,389.82,低
RE00558,2021-07-01,2021,7,广东,华南,水电,15855.9,2769.63,186.07,35.01,145.78,2.06,179.57,93.32,428.38,低
RE00576,2021-08-01,2021,8,广东,华南,水电,15768.95,2877.98,192.58,32.86,149.38,3.35,141.37,94.11,344.23,低
RE00594,2021-09-01,2021,9,广东,华南,水电,16002.7,3896.35,258.67,27.07,157.06,3.94,113.15,91.84,347.29,低
RE00612,2021-10-01,2021,10,广东,华南,水电,15858.85,3369.15,233.95,22.44,134.35,3.7,105.52,90.92,415.88,低
RE00630,2021-11-01,2021,11,广东,华南,水电,16079.01,2183.14,149.34,16.42,101.21,4.75,74.0,90.79,490.99,低
RE00648,2021-12-01,2021,12,广东,华南,水电,15689.95,2514.08,172.84,15.51,65.31,4.61,102.42,92.67,339.41,低
RE00666,2022-01-01,2022,1,广东,华南,水电,16226.88,2682.5,176.74,13.44,81.81,4.47,87.33,93.21,384.74,中
RE00684,2022-02-01,2022,2,广东,华南,水电,15920.37,2020.4,137.51,12.08,57.79,5.92,95.42,94.59,374.03,中
RE00702,2022-03-01,2022,3,广东,华南,水电,16537.27,1785.25,113.61,21.23,47.11,4.9,126.54,95.55,459.9,中
RE00720,2022-04-01,2022,4,广东,华南,水电,15808.2,2474.05,166.54,24.19,72.88,5.68,144.56,94.48,393.36,中
RE00738,2022-05-01,2022,5,广东,华南,水电,16389.12,2596.73,167.44,27.86,102.2,4.21,156.92,93.26,547.2,中
RE00756,2022-06-01,2022,6,广东,华南,水电,16375.37,3152.6,201.85,33.38,143.22,3.95,185.91,96.22,444.81,中
RE00774,2022-07-01,2022,7,广东,华南,水电,16331.05,3313.46,219.9,33.46,149.35,3.12,177.86,92.9,359.27,中
RE00792,2022-08-01,2022,8,广东,华南,水电,16756.08,3676.53,241.39,33.69,176.54,3.18,157.83,92.8,436.44,中
RE00810,2022-09-01,2022,9,广东,华南,水电,16273.64,3867.0,252.11,25.77,170.41,3.89,123.42,93.59,480.95,中
RE00828,2022-10-01,2022,10,广东,华南,水电,16424.99,3060.58,201.19,22.79,133.78,4.11,95.33,93.06,554.13,中
RE00846,2022-11-01,2022,11,广东,华南,水电,16642.94,2629.45,166.85,18.55,119.01,4.71,93.44,94.67,396.54,中
RE00864,2022-12-01,2022,12,广东,华南,水电,16648.88,2352.07,148.63,13.38,78.69,4.25,72.75,94.03,481.23,中
RE00882,2023-01-01,2023,1,广东,华南,水电,17395.76,2253.01,140.03,13.2,62.97,4.87,84.02,94.66,478.28,中
RE00900,2023-02-01,2023,2,广东,华南,水电,16582.49,1938.31,126.43,13.21,47.91,3.97,91.45,93.47,348.36,中
RE00918,2023-03-01,2023,3,广东,华南,水电,16598.21,1691.01,108.32,18.69,33.99,5.25,110.54,93.34,338.66,中
RE00936,2023-04-01,2023,4,广东,华南,水电,16642.9,2654.76,161.8,23.36,89.55,4.37,147.59,97.85,391.52,中
RE00954,2023-05-01,2023,5,广东,华南,水电,16562.59,2933.58,188.16,30.1,107.16,5.19,155.06,95.71,353.87,中
RE00972,2023-06-01,2023,6,广东,华南,水电,17027.85,3192.57,199.6,33.9,142.54,3.9,149.43,96.32,464.79,中
RE00990,2023-07-01,2023,7,广东,华南,水电,16471.23,3326.43,214.07,35.41,126.55,3.69,168.37,93.26,432.6,中
RE01008,2023-08-01,2023,8,广东,华南,水电,17072.46,3600.27,220.13,31.43,143.68,3.11,128.05,95.66,380.54,中
RE01026,2023-09-01,2023,9,广东,华南,水电,17159.29,3444.58,210.0,27.57,152.0,3.72,115.21,94.87,544.36,中
RE01044,2023-10-01,2023,10,广东,华南,水电,16511.03,3528.79,226.57,22.1,131.01,3.23,93.21,93.39,416.61,中
RE01062,2023-11-01,2023,11,广东,华南,水电,17132.46,2712.77,161.98,19.48,79.13,4.14,85.09,95.72,463.49,中
RE01080,2023-12-01,2023,12,广东,华南,水电,17243.41,2324.44,143.82,11.98,62.82,2.56,87.52,92.92,304.67,中
RE01098,2024-01-01,2024,1,广东,华南,水电,17350.93,2389.79,144.71,10.71,47.39,4.81,80.78,96.1,434.89,中
RE01116,2024-02-01,2024,2,广东,华南,水电,17520.41,2131.11,129.96,16.98,48.57,5.06,104.33,94.73,379.82,中
RE01134,2024-03-01,2024,3,广东,华南,水电,16730.52,1614.03,98.71,15.81,50.71,5.48,120.61,96.23,398.44,中
RE01152,2024-04-01,2024,4,广东,华南,水电,17741.9,2676.71,160.29,22.46,89.07,5.24,167.37,93.92,435.35,中
RE01170,2024-05-01,2024,5,广东,华南,水电,17375.63,3211.45,194.86,28.6,113.96,3.4,176.58,96.13,359.34,中
RE01188,2024-06-01,2024,6,广东,华南,水电,17704.03,3054.02,186.33,35.88,125.67,3.59,191.77,94.22,373.69,中
RE01206,2024-07-01,2024,7,广东,华南,水电,17405.66,3834.44,221.97,34.27,158.43,2.4,169.79,96.5,497.89,中
RE01224,2024-08-01,2024,8,广东,华南,水电,17703.2,4167.59,240.72,31.51,164.71,2.59,139.59,97.83,454.0,中
RE01242,2024-09-01,2024,9,广东,华南,水电,16765.53,2780.74,172.98,27.89,116.87,3.99,141.84,96.56,431.01,中
RE01260,2024-10-01,2024,10,广东,华南,水电,17605.95,3238.36,200.82,23.1,130.92,3.53,104.49,95.7,515.77,中
RE01278,2024-11-01,2024,11,广东,华南,水电,17727.43,2894.57,169.23,16.05,98.09,3.74,82.88,95.38,458.32,中
RE01296,2024-12-01,2024,12,广东,华南,水电,18130.5,2787.03,159.95,13.8,90.51,5.56,104.34,94.65,426.79,中
RE01314,2025-01-01,2025,1,广东,华南,水电,18116.49,2684.9,148.75,13.62,75.34,5.12,88.85,96.88,401.94,中
RE01332,2025-02-01,2025,2,广东,华南,水电,17940.43,2351.75,129.97,11.28,41.73,6.45,111.7,99.09,573.85,中
RE01350,2025-03-01,2025,3,广东,华南,水电,17563.27,2366.36,138.2,18.08,55.24,5.22,125.78,97.45,477.36,中
RE01368,2025-04-01,2025,4,广东,华南,水电,18030.45,2890.92,162.85,22.06,91.83,5.81,139.16,97.95,561.05,中
RE01386,2025-05-01,2025,5,广东,华南,水电,18419.24,2560.54,147.01,28.47,75.08,3.8,168.08,96.12,481.76,中
RE01404,2025-06-01,2025,6,广东,华南,水电,17765.07,3619.61,208.19,33.66,134.4,3.57,159.81,97.2,430.62,中
RE01422,2025-07-01,2025,7,广东,华南,水电,18092.0,3740.38,209.94,33.43,147.52,3.44,169.55,97.74,439.28,中
RE01440,2025-08-01,2025,8,广东,华南,水电,18423.86,3733.2,209.9,31.89,131.58,2.92,134.75,95.05,416.34,中
RE01458,2025-09-01,2025,9,广东,华南,水电,17978.25,4052.83,237.32,27.02,163.71,3.62,135.54,94.89,499.19,中
RE01476,2025-10-01,2025,10,广东,华南,水电,18317.23,3698.55,212.94,23.14,139.44,3.47,90.26,96.6,442.78,中
RE01494,2025-11-01,2025,11,广东,华南,水电,18377.31,3218.95,178.44,15.93,106.99,4.65,84.89,96.99,489.39,中
RE01512,2025-12-01,2025,12,广东,华南,水电,18400.27,2852.82,165.29,13.16,71.98,3.82,77.99,96.54,462.28,中
RE00017,2019-01-01,2019,1,广东,华南,风电,4867.94,783.23,177.98,12.56,56.5,5.32,95.52,91.36,226.35,低
RE00035,2019-02-01,2019,2,广东,华南,风电,5271.66,800.92,177.38,17.14,54.48,4.28,114.15,87.86,268.14,低
RE00053,2019-03-01,2019,3,广东,华南,风电,5145.11,884.53,193.39,16.74,47.27,5.46,118.9,88.97,282.1,低
RE00071,2019-04-01,2019,4,广东,华南,风电,5319.46,760.75,162.98,25.31,83.68,4.96,122.3,86.5,320.72,低
RE00089,2019-05-01,2019,5,广东,华南,风电,5196.82,603.74,132.74,27.31,79.87,4.12,169.56,87.75,322.83,低
RE00107,2019-06-01,2019,6,广东,华南,风电,5411.35,669.2,140.03,33.53,143.86,3.99,183.04,87.74,224.73,低
RE00125,2019-07-01,2019,7,广东,华南,风电,5553.64,629.84,130.38,34.37,157.08,3.87,148.56,86.73,292.63,低
RE00143,2019-08-01,2019,8,广东,华南,风电,5746.49,606.2,119.8,32.72,146.98,3.45,138.07,89.08,308.44,低
RE00161,2019-09-01,2019,9,广东,华南,风电,5711.81,556.57,108.62,27.23,142.03,3.41,105.99,89.17,268.49,低
RE00179,2019-10-01,2019,10,广东,华南,风电,5706.92,736.01,139.37,22.22,129.67,3.95,84.29,89.41,252.16,低
RE00197,2019-11-01,2019,11,广东,华南,风电,5690.7,679.3,137.27,18.02,108.74,4.51,80.84,88.29,264.91,低
RE00215,2019-12-01,2019,12,广东,华南,风电,5897.24,839.86,154.71,12.47,82.92,4.64,69.71,89.77,337.19,低
RE00233,2020-01-01,2020,1,广东,华南,风电,5716.03,888.97,173.38,11.22,26.04,4.52,89.89,89.58,304.23,中
RE00251,2020-02-01,2020,2,广东,华南,风电,5823.6,1014.3,191.08,9.78,45.0,5.18,111.71,90.46,229.07,中
RE00269,2020-03-01,2020,3,广东,华南,风电,5776.12,865.63,162.43,16.57,45.45,4.89,128.57,91.23,265.54,中
RE00287,2020-04-01,2020,4,广东,华南,风电,6011.93,984.53,180.63,19.73,88.73,5.15,142.81,90.74,298.49,中
RE00305,2020-05-01,2020,5,广东,华南,风电,6218.43,760.78,138.62,27.12,110.59,3.81,164.6,89.67,307.01,中
RE00323,2020-06-01,2020,6,广东,华南,风电,6158.95,776.72,137.98,33.74,148.56,4.27,173.81,92.13,259.57,中
RE00341,2020-07-01,2020,7,广东,华南,风电,6070.82,802.33,147.74,32.13,151.13,3.84,159.06,91.24,336.51,中
RE00359,2020-08-01,2020,8,广东,华南,风电,6117.65,510.27,95.12,31.69,155.24,2.96,145.32,90.25,344.83,中
RE00377,2020-09-01,2020,9,广东,华南,风电,6392.08,602.47,104.21,28.97,173.21,3.24,112.49,91.48,335.83,中
RE00395,2020-10-01,2020,10,广东,华南,风电,6426.17,830.73,143.8,21.75,118.92,4.19,101.69,88.49,261.4,中
RE00413,2020-11-01,2020,11,广东,华南,风电,6506.6,727.15,126.23,19.55,97.44,2.74,80.13,89.36,323.59,中
RE00431,2020-12-01,2020,12,广东,华南,风电,6717.55,952.67,154.82,13.55,72.61,4.63,71.98,91.78,308.35,中
RE00449,2021-01-01,2021,1,广东,华南,风电,6564.84,1118.98,191.34,7.16,47.79,5.73,101.88,91.69,310.01,中
RE00467,2021-02-01,2021,2,广东,华南,风电,6599.2,1023.92,176.57,15.23,38.46,5.15,85.3,87.7,337.8,中
RE00485,2021-03-01,2021,3,广东,华南,风电,6677.69,1233.55,202.55,15.91,54.81,5.29,122.49,91.85,313.0,中
RE00503,2021-04-01,2021,4,广东,华南,风电,6641.26,1152.26,196.26,24.57,73.81,5.39,130.36,90.01,355.63,中
RE00521,2021-05-01,2021,5,广东,华南,风电,6642.85,910.15,152.54,28.97,91.85,4.58,160.31,88.74,341.34,中
RE00539,2021-06-01,2021,6,广东,华南,风电,6821.21,925.46,148.15,32.3,137.67,3.95,147.82,91.86,417.48,中
RE00557,2021-07-01,2021,7,广东,华南,风电,6783.04,674.55,108.19,32.85,154.35,2.56,167.9,91.63,352.13,中
RE00575,2021-08-01,2021,8,广东,华南,风电,6837.87,845.94,138.43,32.34,136.9,3.25,134.54,90.14,312.44,中
RE00593,2021-09-01,2021,9,广东,华南,风电,7017.39,888.01,137.8,27.28,154.39,3.25,116.36,91.27,425.28,中
RE00611,2021-10-01,2021,10,广东,华南,风电,7023.1,836.93,129.14,23.55,109.76,3.6,115.98,91.08,401.96,中
RE00629,2021-11-01,2021,11,广东,华南,风电,7228.2,1064.86,158.16,22.62,96.83,4.28,75.8,91.06,373.74,中
RE00647,2021-12-01,2021,12,广东,华南,风电,7133.36,1150.12,180.23,15.6,88.23,4.83,82.42,90.08,383.16,中
RE00665,2022-01-01,2022,1,广东,华南,风电,7218.16,1083.39,165.31,11.87,45.99,4.67,84.23,92.3,320.13,中
RE00683,2022-02-01,2022,2,广东,华南,风电,7267.29,1065.82,153.81,14.48,72.7,4.54,105.67,94.8,389.8,中
RE00701,2022-03-01,2022,3,广东,华南,风电,7314.7,1039.31,151.92,18.07,62.8,4.71,121.34,92.955,269.82,中
RE00719,2022-04-01,2022,4,广东,华南,风电,7686.48,1116.01,156.71,21.08,93.61,5.06,134.79,91.11,313.01,中
RE00737,2022-05-01,2022,5,广东,华南,风电,7892.06,1267.34,170.65,24.98,102.98,4.6,144.78,93.29,422.82,中
RE00755,2022-06-01,2022,6,广东,华南,风电,7547.55,746.7,105.7,33.55,114.4,2.9,176.86,94.02,402.42,中
RE00773,2022-07-01,2022,7,广东,华南,风电,7893.81,865.08,117.39,34.78,136.64,3.02,143.71,93.68,352.08,中
RE00791,2022-08-01,2022,8,广东,华南,风电,7791.88,831.3,114.64,30.93,160.32,3.48,125.33,91.14,359.2,中
RE00809,2022-09-01,2022,9,广东,华南,风电,7853.11,805.8,112.33,27.64,149.82,2.98,128.49,89.97,485.0,中
RE00827,2022-10-01,2022,10,广东,华南,风电,7555.62,1240.09,176.17,23.7,116.31,4.77,105.77,91.4,367.08,中
RE00845,2022-11-01,2022,11,广东,华南,风电,7839.29,883.58,121.41,13.88,119.06,3.97,87.9,92.6,403.06,中
RE00863,2022-12-01,2022,12,广东,华南,风电,8259.1,1344.69,172.89,12.71,104.61,4.73,81.12,92.82,429.97,中
RE00881,2023-01-01,2023,1,广东,华南,风电,7985.58,1521.48,206.3,12.17,39.03,5.9,93.38,91.93,344.37,中
RE00899,2023-02-01,2023,2,广东,华南,风电,8080.27,1514.37,202.44,13.31,28.62,5.97,104.75,93.37,466.14,中
RE00917,2023-03-01,2023,3,广东,华南,风电,8233.09,1251.26,166.19,21.04,44.83,5.3,140.29,91.87,383.97,中
RE00935,2023-04-01,2023,4,广东,华南,风电,8609.6,1150.72,147.76,22.02,83.93,4.63,140.77,90.35,426.81,中
RE00953,2023-05-01,2023,5,广东,华南,风电,8549.7,1233.7,150.02,26.94,90.35,4.55,177.42,93.52,420.06,中
RE00971,2023-06-01,2023,6,广东,华南,风电,8636.55,1088.5,136.76,33.92,142.88,3.97,159.98,92.58,442.92,中
RE00989,2023-07-01,2023,7,广东,华南,风电,8656.38,1128.4,142.43,34.42,160.85,3.76,166.85,93.25,475.66,中
RE01007,2023-08-01,2023,8,广东,华南,风电,8739.89,991.85,122.05,35.93,147.23,3.28,153.38,92.77,486.73,中
RE01025,2023-09-01,2023,9,广东,华南,风电,8620.17,1088.24,131.58,30.23,152.52,3.41,132.73,93.33,421.98,中
RE01043,2023-10-01,2023,10,广东,华南,风电,8781.58,992.34,122.91,21.53,127.28,3.92,115.31,91.33,479.91,中
RE01061,2023-11-01,2023,11,广东,华南,风电,8649.61,1226.97,149.77,17.11,127.29,4.21,94.48,92.23,342.81,中
RE01079,2023-12-01,2023,12,广东,华南,风电,9229.93,1319.11,151.8,14.19,71.73,4.6,88.07,93.9,443.17,中
RE01097,2024-01-01,2024,1,广东,华南,风电,9102.05,1632.64,190.12,14.72,53.52,5.58,87.32,92.24,491.84,高
RE01115,2024-02-01,2024,2,广东,华南,风电,9237.07,1370.17,156.86,14.39,58.11,4.84,114.07,94.21,538.51,高
RE01133,2024-03-01,2024,3,广东,华南,风电,9378.25,1824.84,202.45,15.35,67.07,6.47,116.62,95.33,511.12,高
RE01151,2024-04-01,2024,4,广东,华南,风电,9751.94,1423.86,160.22,22.82,72.06,5.12,137.11,92.23,497.53,高
RE01169,2024-05-01,2024,5,广东,华南,风电,9337.03,941.5,106.65,27.33,89.18,3.33,142.21,96.08,536.19,高
RE01187,2024-06-01,2024,6,广东,华南,风电,9789.14,1290.56,137.04,33.62,105.06,4.31,169.86,95.73,382.42,高
RE01205,2024-07-01,2024,7,广东,华南,风电,9857.2,1051.5,112.55,36.23,129.1,2.85,159.76,93.41,567.09,高
RE01223,2024-08-01,2024,8,广东,华南,风电,9684.25,889.88,98.8,31.02,164.93,2.77,124.21,94.47,478.66,高
RE01241,2024-09-01,2024,9,广东,华南,风电,10103.11,1266.36,134.19,28.69,163.09,3.72,123.02,95.99,490.33,高
RE01259,2024-10-01,2024,10,广东,华南,风电,10019.76,1435.62,152.72,22.8,141.73,3.51,112.44,93.51,418.94,高
RE01277,2024-11-01,2024,11,广东,华南,风电,10441.03,1581.38,157.7,17.77,111.79,4.7,71.32,95.62,584.5,高
RE01295,2024-12-01,2024,12,广东,华南,风电,9901.63,1572.88,171.14,14.49,56.2,4.21,97.0,95.54,504.41,高
RE01313,2025-01-01,2025,1,广东,华南,风电,10086.14,1746.42,186.12,10.89,60.71,5.76,83.15,94.91,484.28,高
RE01331,2025-02-01,2025,2,广东,华南,风电,10505.4,1709.24,169.97,13.46,53.96,5.44,91.22,95.71,583.73,高
RE01349,2025-03-01,2025,3,广东,华南,风电,10618.04,2133.41,209.95,14.37,66.5,6.01,120.26,94.41,422.39,高
RE01367,2025-04-01,2025,4,广东,华南,风电,10643.31,1703.44,168.62,23.79,78.82,4.32,128.18,96.66,450.27,高
RE01385,2025-05-01,2025,5,广东,华南,风电,10575.01,1383.36,140.02,28.75,103.11,4.27,165.86,95.01,506.5,高
RE01403,2025-06-01,2025,6,广东,华南,风电,10517.12,1472.58,145.96,34.27,150.71,4.26,177.61,95.47,575.47,高
RE01421,2025-07-01,2025,7,广东,华南,风电,10717.79,1294.32,125.43,31.86,150.36,3.16,144.37,95.71,697.05,高
RE01439,2025-08-01,2025,8,广东,华南,风电,10978.21,1178.72,114.57,32.73,154.64,3.21,134.58,92.8,569.93,高
RE01457,2025-09-01,2025,9,广东,华南,风电,11081.4,1302.5,116.92,29.14,129.58,4.34,121.88,95.82,574.88,高
RE01475,2025-10-01,2025,10,广东,华南,风电,11273.64,1333.31,124.53,23.45,129.63,3.41,97.44,96.25,591.02,高
RE01493,2025-11-01,2025,11,广东,华南,风电,11555.73,1763.87,155.9,19.49,99.02,4.67,89.86,96.22,636.59,高
RE01511,2025-12-01,2025,12,广东,华南,风电,11470.17,1954.37,179.37,9.25,84.86,4.39,68.36,96.8,565.7,高
RE00010,2019-01-01,2019,1,新疆,西北,光伏,11174.09,1273.05,127.68,1.59,11.2,6.6,114.95,88.78,663.79,中
RE00028,2019-02-01,2019,2,新疆,西北,光伏,11654.45,1483.65,150.25,-1.63,28.11,7.45,145.1,87.05,503.33,中
RE00046,2019-03-01,2019,3,新疆,西北,光伏,12005.77,1655.23,158.27,4.88,2.98,7.38,166.09,87.95,632.56,中
RE00064,2019-04-01,2019,4,新疆,西北,光伏,11990.31,1818.69,172.07,9.04,0.0,6.49,181.44,89.4,585.26,中
RE00082,2019-05-01,2019,5,新疆,西北,光伏,12160.78,2069.02,190.0,17.2,27.21,6.31,211.0,89.37,704.96,中
RE00100,2019-06-01,2019,6,新疆,西北,光伏,12440.35,2108.13,190.0,18.12,6.43,5.44,221.06,88.9,794.56,中
RE00118,2019-07-01,2019,7,新疆,西北,光伏,12422.86,2084.74,190.0,20.23,18.81,3.44,225.98,88.2,533.04,中
RE00136,2019-08-01,2019,8,新疆,西北,光伏,13125.91,2128.58,180.76,17.79,39.01,4.34,199.85,90.27,731.29,中
RE00154,2019-09-01,2019,9,新疆,西北,光伏,13626.0,1875.47,153.29,16.44,47.43,4.3,162.22,89.13,856.49,中
RE00172,2019-10-01,2019,10,新疆,西北,光伏,12644.24,1587.84,136.15,7.55,50.27,4.73,131.28,91.66,800.52,中
RE00190,2019-11-01,2019,11,新疆,西北,光伏,13419.18,1625.88,132.97,4.78,26.13,6.66,103.84,88.86,893.27,中
RE00208,2019-12-01,2019,12,新疆,西北,光伏,13059.19,1395.86,120.16,1.07,11.18,7.61,112.42,88.68,648.46,中
RE00226,2020-01-01,2020,1,新疆,西北,光伏,14005.4,1672.42,130.73,-1.4,20.87,6.42,120.34,91.51,822.67,中
RE00244,2020-02-01,2020,2,新疆,西北,光伏,14331.32,1832.65,138.06,1.33,6.86,8.72,122.75,91.27,714.82,中
RE00262,2020-03-01,2020,3,新疆,西北,光伏,14444.2,2035.65,153.12,6.76,10.52,6.29,157.52,92.64,840.19,中
RE00280,2020-04-01,2020,4,新疆,西北,光伏,14556.91,2253.06,173.19,9.03,23.6,6.62,206.22,91.28,887.23,中
RE00298,2020-05-01,2020,5,新疆,西北,光伏,15455.95,2510.18,187.29,14.58,30.8,5.75,219.93,88.85,914.36,中
RE00316,2020-06-01,2020,6,新疆,西北,光伏,15559.91,2730.07,190.0,19.09,21.6,5.47,233.27,92.73,750.62,中
RE00334,2020-07-01,2020,7,新疆,西北,光伏,15335.05,2533.56,190.0,21.76,31.4,4.17,227.42,89.02,964.88,中
RE00352,2020-08-01,2020,8,新疆,西北,光伏,15297.5,2512.34,177.86,20.09,33.25,4.98,205.37,91.68,941.18,中
RE00370,2020-09-01,2020,9,新疆,西北,光伏,15873.92,2392.17,168.37,16.83,29.85,5.4,176.71,91.82,863.62,中
RE00388,2020-10-01,2020,10,新疆,西北,光伏,15777.84,2212.37,158.88,11.88,33.33,5.85,153.0,89.8,999.0,中
RE00406,2020-11-01,2020,11,新疆,西北,光伏,16623.71,1971.55,133.67,5.27,21.08,5.01,115.69,88.93,1015.18,中
RE00424,2020-12-01,2020,12,新疆,西北,光伏,16620.6,1976.71,128.7,1.29,0.0,6.37,97.67,92.34,996.07,中
RE00442,2021-01-01,2021,1,新疆,西北,光伏,17067.22,2257.39,145.15,-2.58,14.49,7.19,124.62,91.53,880.8,中
RE00460,2021-02-01,2021,2,新疆,西北,光伏,17117.16,2143.2,140.85,-1.35,23.71,6.73,132.27,90.58,823.25,中
RE00478,2021-03-01,2021,3,新疆,西北,光伏,17418.66,2795.94,172.85,5.99,29.19,7.4,191.88,92.29,738.35,中
RE00496,2021-04-01,2021,4,新疆,西北,光伏,16933.38,3026.53,190.0,10.39,3.2,7.26,211.86,93.12,988.08,中
RE00514,2021-05-01,2021,5,新疆,西北,光伏,17535.94,3087.26,187.06,18.74,38.82,5.64,212.1,92.52,954.78,中
RE00532,2021-06-01,2021,6,新疆,西北,光伏,18112.79,3096.73,190.0,20.28,34.26,4.92,239.12,90.92,1287.55,中
RE00550,2021-07-01,2021,7,新疆,西北,光伏,18113.64,3053.95,182.64,19.55,37.49,4.73,200.51,91.55,966.76,中
RE00568,2021-08-01,2021,8,新疆,西北,光伏,18641.77,3043.9,179.41,21.75,30.14,5.32,194.42,91.72,1081.48,中
RE00586,2021-09-01,2021,9,新疆,西北,光伏,19217.83,2966.75,169.27,15.37,39.11,4.58,171.83,90.66,1094.31,中
RE00604,2021-10-01,2021,10,新疆,西北,光伏,19569.95,2245.12,128.49,11.97,43.25,5.42,138.65,89.01,1137.95,中
RE00622,2021-11-01,2021,11,新疆,西北,光伏,20339.83,2527.86,133.84,6.79,30.88,5.94,120.34,93.74,1083.49,中
RE00640,2021-12-01,2021,12,新疆,西北,光伏,20149.29,2202.42,114.38,0.43,14.13,6.32,104.43,91.92,1233.29,中
RE00658,2022-01-01,2022,1,新疆,西北,光伏,20645.16,2573.68,130.89,-0.42,28.5,7.72,128.97,93.73,1084.91,中
RE00676,2022-02-01,2022,2,新疆,西北,光伏,20997.75,3089.34,157.76,-1.0,0.0,7.76,143.14,91.76,1213.92,中
RE00694,2022-03-01,2022,3,新疆,西北,光伏,20892.4,3006.08,154.52,2.69,29.25,7.51,159.99,93.44,971.21,中
RE00712,2022-04-01,2022,4,新疆,西北,光伏,21049.98,3279.48,166.45,6.58,11.3,7.31,191.36,93.82,1244.93,中
RE00730,2022-05-01,2022,5,新疆,西北,光伏,21647.58,3803.31,190.0,15.38,30.19,6.27,213.71,92.87,1241.99,中
RE00748,2022-06-01,2022,6,新疆,西北,光伏,21570.51,3826.28,190.0,19.17,0.73,4.77,223.2,94.16,948.72,中
RE00766,2022-07-01,2022,7,新疆,西北,光伏,22549.34,3838.75,190.0,24.05,39.31,5.17,238.38,91.26,1424.97,中
RE00784,2022-08-01,2022,8,新疆,西北,光伏,23381.85,3619.57,167.29,20.49,29.28,4.97,200.25,93.84,1144.12,中
RE00802,2022-09-01,2022,9,新疆,西北,光伏,22834.98,3714.3,173.06,14.34,29.82,5.43,175.51,93.54,993.35,中
RE00820,2022-10-01,2022,10,新疆,西北,光伏,23283.97,3220.03,143.76,10.76,9.18,4.76,143.67,94.11,1092.22,中
RE00838,2022-11-01,2022,11,新疆,西北,光伏,22830.66,2693.09,126.2,3.01,31.65,5.72,126.47,93.47,1310.93,中
RE00856,2022-12-01,2022,12,新疆,西北,光伏,23555.32,2753.11,125.95,1.55,25.42,6.67,99.52,92.32,1268.02,中
RE00874,2023-01-01,2023,1,新疆,西北,光伏,25333.56,3295.78,141.27,2.36,31.2,6.82,125.84,93.69,1339.6,高
RE00892,2023-02-01,2023,2,新疆,西北,光伏,25049.14,3781.86,159.4,1.33,16.12,7.26,144.7,95.47,1373.0,高
RE00910,2023-03-01,2023,3,新疆,西北,光伏,24967.56,3960.32,166.18,2.19,15.22,6.86,148.35,94.37,1592.53,高
RE00928,2023-04-01,2023,4,新疆,西北,光伏,25500.0,4644.05,190.0,8.92,0.0,5.93,209.65,93.8,1445.02,高
RE00946,2023-05-01,2023,5,新疆,西北,光伏,25789.67,4643.13,190.0,14.26,16.1,6.52,220.88,93.45,1709.17,高
RE00964,2023-06-01,2023,6,新疆,西北,光伏,26608.88,4726.93,190.0,18.46,7.54,5.54,223.15,94.14,1425.55,高
RE00982,2023-07-01,2023,7,新疆,西北,光伏,26109.92,4696.58,186.56,20.51,30.91,4.15,219.37,95.02,1161.4,高
RE01000,2023-08-01,2023,8,新疆,西北,光伏,28300.09,4738.51,179.87,19.44,27.77,5.31,202.34,92.42,1772.75,高
RE01018,2023-09-01,2023,9,新疆,西北,光伏,27832.12,4505.33,165.27,14.83,11.0,5.75,170.08,96.04,1598.65,高
RE01036,2023-10-01,2023,10,新疆,西北,光伏,28312.98,3565.63,136.61,11.68,12.17,4.47,123.41,93.47,1129.41,高
RE01054,2023-11-01,2023,11,新疆,西北,光伏,28403.55,3253.51,122.15,7.16,18.61,5.55,100.71,93.06,1645.84,高
RE01072,2023-12-01,2023,12,新疆,西北,光伏,28031.97,3211.94,122.46,0.24,36.37,6.4,114.68,92.16,1315.64,高
RE01090,2024-01-01,2024,1,新疆,西北,光伏,30023.61,4292.77,149.24,-0.85,22.12,7.75,138.68,95.9,1956.33,高
RE01108,2024-02-01,2024,2,新疆,西北,光伏,30006.35,4487.77,158.09,3.38,19.33,8.13,162.72,96.21,1581.15,高
RE01126,2024-03-01,2024,3,新疆,西北,光伏,30346.15,4830.38,164.97,3.15,18.36,7.05,185.39,96.02,1774.25,高
RE01144,2024-04-01,2024,4,新疆,西北,光伏,31991.82,4970.09,165.0,7.91,38.9,6.69,180.74,95.88,1846.55,高
RE01162,2024-05-01,2024,5,新疆,西北,光伏,31068.31,5369.01,179.31,16.69,22.44,6.72,204.53,94.5,1981.23,高
RE01180,2024-06-01,2024,6,新疆,西北,光伏,32751.43,5576.52,170.45,20.06,26.08,4.07,214.58,98.15,1799.32,高
RE01198,2024-07-01,2024,7,新疆,西北,光伏,32737.36,5470.13,175.54,25.42,39.62,4.72,220.31,94.57,1955.15,高
RE01216,2024-08-01,2024,8,新疆,西北,光伏,33256.39,5512.34,178.41,16.48,18.71,3.01,193.87,93.63,1930.71,高
RE01234,2024-09-01,2024,9,新疆,西北,光伏,33611.61,5236.76,161.66,14.31,14.46,5.27,173.59,96.08,1807.47,高
RE01252,2024-10-01,2024,10,新疆,西北,光伏,34369.67,4484.43,138.98,8.22,15.89,5.04,132.98,95.255,1613.43,高
RE01270,2024-11-01,2024,11,新疆,西北,光伏,35817.08,4780.46,143.84,4.25,15.44,5.88,130.1,94.43,1774.69,高
RE01288,2024-12-01,2024,12,新疆,西北,光伏,35918.38,4596.71,130.78,0.77,46.21,6.39,121.27,95.04,2093.16,高
RE01306,2025-01-01,2025,1,新疆,西北,光伏,35114.23,4491.27,130.49,-3.46,20.99,8.04,110.58,98.14,1904.24,高
RE01324,2025-02-01,2025,2,新疆,西北,光伏,37140.25,5534.66,150.74,-1.25,12.48,7.51,139.47,96.87,2027.42,高
RE01342,2025-03-01,2025,3,新疆,西北,光伏,35635.83,5082.43,148.62,4.95,36.32,6.75,166.3,96.77,2263.84,高
RE01360,2025-04-01,2025,4,新疆,西北,光伏,37900.96,6660.07,180.53,6.93,13.5,7.76,208.91,96.87,2039.23,高
RE01378,2025-05-01,2025,5,新疆,西北,光伏,38274.06,6558.79,181.45,13.48,23.86,5.5,195.97,95.58,2448.43,高
RE01396,2025-06-01,2025,6,新疆,西北,光伏,39254.14,6801.24,180.68,17.33,22.81,5.16,220.08,95.81,2812.7,高
RE01414,2025-07-01,2025,7,新疆,西北,光伏,39537.88,6922.62,184.59,17.82,23.67,4.42,214.59,95.37,1958.5,高
RE01432,2025-08-01,2025,8,新疆,西北,光伏,40263.46,6498.27,166.8,17.84,49.82,4.4,207.33,94.83,2258.87,高
RE01450,2025-09-01,2025,9,新疆,西北,光伏,40681.45,6225.32,155.0,17.18,43.88,4.72,158.8,97.24,2522.5,高
RE01468,2025-10-01,2025,10,新疆,西北,光伏,41177.57,5405.92,136.5,9.99,4.34,4.64,123.25,97.69,2165.29,高
RE01486,2025-11-01,2025,11,新疆,西北,光伏,41993.58,4901.07,122.75,2.57,47.2,6.07,110.31,94.6,2417.53,高
RE01504,2025-12-01,2025,12,新疆,西北,光伏,43019.01,5645.72,139.49,-0.08,22.87,7.21,134.83,93.05,2371.27,高
RE00012,2019-01-01,2019,1,新疆,西北,水电,1087.95,123.81,123.06,-0.86,28.06,7.64,110.29,91.79,43.38,低
RE00030,2019-02-01,2019,2,新疆,西北,水电,1082.88,53.53,55.0,1.72,0.0,6.89,130.73,90.68,41.12,低
RE00048,2019-03-01,2019,3,新疆,西北,水电,1112.02,103.25,98.53,6.07,27.58,7.01,176.74,92.39,40.93,低
RE00066,2019-04-01,2019,4,新疆,西北,水电,1122.4,87.25,86.05,11.11,0.96,6.25,198.65,91.93,45.64,低
RE00084,2019-05-01,2019,5,新疆,西北,水电,1150.41,111.79,107.6,17.85,23.48,6.45,206.06,89.17,36.69,低
RE00102,2019-06-01,2019,6,新疆,西北,水电,1133.48,112.12,113.71,18.68,48.58,4.89,213.91,89.58,38.94,低
RE00120,2019-07-01,2019,7,新疆,西北,水电,1086.51,101.27,101.46,17.82,29.8,4.68,212.29,91.25,36.36,低
RE00138,2019-08-01,2019,8,新疆,西北,水电,1139.11,95.19,93.61,23.97,39.91,4.56,207.65,89.82,56.11,低
RE00156,2019-09-01,2019,9,新疆,西北,水电,1132.17,114.18,109.29,14.8,23.48,5.3,167.59,91.5,39.24,低
RE00174,2019-10-01,2019,10,新疆,西北,水电,1126.88,100.79,99.49,13.71,21.33,4.6,141.01,89.88,28.97,低
RE00192,2019-11-01,2019,11,新疆,西北,水电,1169.76,84.22,79.27,2.42,8.69,5.92,112.43,91.67,43.41,低
RE00210,2019-12-01,2019,12,新疆,西北,水电,1173.84,112.74,106.86,2.0,10.65,6.04,94.8,89.96,47.29,低
RE00228,2020-01-01,2020,1,新疆,西北,水电,1181.88,97.51,92.65,-2.24,0.0,7.16,119.18,91.81,49.42,低
RE00246,2020-02-01,2020,2,新疆,西北,水电,1167.53,89.59,83.0,-1.11,0.0,7.73,133.68,92.02,40.83,低
RE00264,2020-03-01,2020,3,新疆,西北,水电,1155.92,83.87,78.84,4.41,0.0,7.84,185.4,92.91,46.89,低
RE00282,2020-04-01,2020,4,新疆,西北,水电,1151.65,99.18,97.26,9.75,8.57,7.34,195.66,89.74,40.47,低
RE00300,2020-05-01,2020,5,新疆,西北,水电,1173.73,101.45,96.49,17.06,13.86,6.8,211.7,89.02,46.25,低
RE00318,2020-06-01,2020,6,新疆,西北,水电,1157.18,132.67,126.29,18.65,33.59,5.44,232.69,92.83,45.99,低
RE00336,2020-07-01,2020,7,新疆,西北,水电,1201.73,116.5,104.74,19.01,24.58,4.31,209.27,92.48,45.85,低
RE00354,2020-08-01,2020,8,新疆,西北,水电,1190.5,117.0,106.72,19.97,61.85,4.78,177.49,90.97,42.55,低
RE00372,2020-09-01,2020,9,新疆,西北,水电,1209.9,100.96,92.72,13.62,19.17,4.79,172.91,90.03,42.83,低
RE00390,2020-10-01,2020,10,新疆,西北,水电,1227.96,113.73,101.77,10.97,14.11,5.36,154.49,91.23,38.07,低
RE00408,2020-11-01,2020,11,新疆,西北,水电,1189.88,95.23,87.39,3.4,4.98,6.27,121.06,92.1,46.97,低
RE00426,2020-12-01,2020,12,新疆,西北,水电,1197.56,112.63,101.25,-1.37,34.57,6.04,114.8,93.24,51.98,低
RE00444,2021-01-01,2021,1,新疆,西北,水电,1210.36,111.16,99.98,-0.22,0.0,7.27,97.32,91.61,50.15,中
RE00462,2021-02-01,2021,2,新疆,西北,水电,1220.755,152.02,129.74,1.08,28.48,7.55,141.22,92.87,50.8,中
RE00480,2021-03-01,2021,3,新疆,西北,水电,1231.15,111.46,104.22,5.91,0.0,7.18,166.95,88.79,46.9,中
RE00498,2021-04-01,2021,4,新疆,西北,水电,1246.56,95.7,81.55,7.77,2.14,6.11,187.3,93.07,53.69,中
RE00516,2021-05-01,2021,5,新疆,西北,水电,1262.77,94.96,81.15,14.46,19.16,6.51,217.6,91.85,57.15,中
RE00534,2021-06-01,2021,6,新疆,西北,水电,1247.37,122.87,105.14,17.88,18.21,5.21,226.55,94.23,47.44,中
RE00552,2021-07-01,2021,7,新疆,西北,水电,1249.79,135.81,118.72,18.13,25.97,5.0,239.22,92.65,47.48,中
RE00570,2021-08-01,2021,8,新疆,西北,水电,1240.87,128.44,112.26,19.52,23.36,4.45,204.75,91.24,51.42,中
RE00588,2021-09-01,2021,9,新疆,西北,水电,1265.94,111.08,93.58,16.24,25.49,4.635,172.31,93.23,58.82,中
RE00606,2021-10-01,2021,10,新疆,西北,水电,1307.32,97.64,81.3,12.51,21.6,4.82,129.19,92.32,51.42,中
RE00624,2021-11-01,2021,11,新疆,西北,水电,1261.16,142.99,121.23,5.94,24.96,6.03,99.4,93.11,51.37,中
RE00642,2021-12-01,2021,12,新疆,西北,水电,1231.86,93.29,84.69,2.29,0.0,7.03,114.76,91.75,44.18,中
RE00660,2022-01-01,2022,1,新疆,西北,水电,1287.85,107.57,89.32,-3.18,16.11,6.71,115.68,94.84,48.98,中
RE00678,2022-02-01,2022,2,新疆,西北,水电,1309.0,97.53,80.06,-0.8,14.67,8.27,136.01,94.0,56.33,中
RE00696,2022-03-01,2022,3,新疆,西北,水电,1316.49,144.35,118.16,3.52,32.57,7.32,155.16,94.39,63.64,中
RE00714,2022-04-01,2022,4,新疆,西北,水电,1275.4,114.12,93.77,10.66,25.49,7.26,186.96,94.96,57.55,中
RE00732,2022-05-01,2022,5,新疆,西北,水电,1320.41,117.04,93.31,15.53,4.79,5.47,216.6,94.9,49.42,中
RE00750,2022-06-01,2022,6,新疆,西北,水电,1293.99,132.19,109.78,20.5,13.28,4.86,200.83,92.11,56.43,中
RE00768,2022-07-01,2022,7,新疆,西北,水电,1329.26,113.11,90.31,22.89,11.75,5.47,228.83,95.71,42.27,中
RE00786,2022-08-01,2022,8,新疆,西北,水电,1347.35,159.86,126.43,19.67,52.88,4.34,223.85,92.43,47.77,中
RE00804,2022-09-01,2022,9,新疆,西北,水电,1301.9,162.84,131.44,16.66,34.09,4.94,180.89,93.86,45.16,中
RE00822,2022-10-01,2022,10,新疆,西北,水电,1342.49,92.81,76.3,16.11,7.56,5.35,118.91,93.44,51.34,中
RE00840,2022-11-01,2022,11,新疆,西北,水电,1340.64,138.63,112.37,5.25,7.61,6.62,110.14,92.77,47.15,中
RE00858,2022-12-01,2022,12,新疆,西北,水电,1377.3,102.3,83.68,-0.6,25.52,6.09,118.91,91.94,45.17,中
RE00876,2023-01-01,2023,1,新疆,西北,水电,1387.9,96.79,74.84,-0.62,11.87,6.85,121.46,94.43,56.67,中
RE00894,2023-02-01,2023,2,新疆,西北,水电,1363.35,132.37,99.78,0.69,12.56,6.96,159.03,96.55,50.38,中
RE00912,2023-03-01,2023,3,新疆,西北,水电,1379.67,115.06,88.96,5.0,23.88,6.89,172.71,94.69,59.02,中
RE00930,2023-04-01,2023,4,新疆,西北,水电,1373.43,128.54,98.19,13.35,18.98,6.63,192.21,94.95,52.49,中
RE00948,2023-05-01,2023,5,新疆,西北,水电,1353.02,158.99,123.31,13.38,41.48,6.13,194.89,93.81,57.39,中
RE00966,2023-06-01,2023,6,新疆,西北,水电,1421.85,135.94,103.22,19.13,27.84,4.57,208.82,95.99,45.13,中
RE00984,2023-07-01,2023,7,新疆,西北,水电,1401.12,149.36,115.44,23.09,34.12,4.46,203.85,94.33,61.89,中
RE01002,2023-08-01,2023,8,新疆,西北,水电,1426.34,133.79,98.15,17.27,35.43,5.31,183.39,95.42,49.98,中
RE01020,2023-09-01,2023,9,新疆,西北,水电,1419.59,138.89,102.66,16.18,49.28,5.48,181.86,94.59,41.61,中
RE01038,2023-10-01,2023,10,新疆,西北,水电,1406.39,129.52,95.6,8.25,23.68,4.7,147.15,95.64,55.06,中
RE01056,2023-11-01,2023,11,新疆,西北,水电,1421.29,128.93,97.4,7.27,17.62,6.24,141.51,95.91,61.59,中
RE01074,2023-12-01,2023,12,新疆,西北,水电,1411.66,101.44,76.73,1.21,1.21,7.71,96.58,94.22,71.52,中
RE01092,2024-01-01,2024,1,新疆,西北,水电,1432.22,77.57,55.0,-0.69,8.34,7.76,132.17,96.86,46.13,中
RE01110,2024-02-01,2024,2,新疆,西北,水电,1451.74,88.24,70.09,2.65,0.0,6.61,138.51,97.15,67.24,中
RE01128,2024-03-01,2024,3,新疆,西北,水电,1500.17,98.91,68.01,3.15,0.0,7.08,170.96,96.96,70.6,中
RE01146,2024-04-01,2024,4,新疆,西北,水电,1476.2,106.4,75.36,11.78,3.97,6.21,196.3,95.8,61.42,中
RE01164,2024-05-01,2024,5,新疆,西北,水电,1479.14,125.85,87.89,16.17,12.2,7.89,196.74,96.63,55.08,中
RE01182,2024-06-01,2024,6,新疆,西北,水电,1419.59,143.78,103.15,15.92,20.35,5.4,212.07,96.63,64.16,中
RE01200,2024-07-01,2024,7,新疆,西北,水电,1478.62,135.99,94.57,20.62,28.49,5.53,215.83,97.41,59.38,中
RE01218,2024-08-01,2024,8,新疆,西北,水电,1450.23,156.61,113.23,20.44,21.05,4.35,196.54,95.61,48.24,中
RE01236,2024-09-01,2024,9,新疆,西北,水电,1489.71,140.74,101.0,14.76,36.41,4.84,154.48,96.85,62.79,中
RE01254,2024-10-01,2024,10,新疆,西北,水电,1499.85,162.21,110.93,7.93,39.04,5.35,138.1,97.52,63.88,中
RE01272,2024-11-01,2024,11,新疆,西北,水电,1498.57,132.48,90.81,2.7,23.05,5.53,122.75,97.01,46.95,中
RE01290,2024-12-01,2024,12,新疆,西北,水电,1424.32,123.06,88.55,1.16,18.68,6.68,120.37,98.04,59.36,中
RE01308,2025-01-01,2025,1,新疆,西北,水电,1478.3,145.79,99.14,0.14,32.33,7.1,119.43,98.41,56.06,高
RE01326,2025-02-01,2025,2,新疆,西北,水电,1567.62,100.13,66.21,0.27,5.04,7.56,153.91,97.83,58.28,高
RE01344,2025-03-01,2025,3,新疆,西北,水电,1542.96,94.62,64.63,5.06,25.98,6.61,177.92,96.68,65.19,高
RE01362,2025-04-01,2025,4,新疆,西北,水电,1558.39,115.58500000000001,138.8,11.16,34.28,6.25,208.52,96.83,52.58,高
RE01380,2025-05-01,2025,5,新疆,西北,水电,1512.72,136.55,92.36,16.65,24.74,5.92,224.89,96.68,60.84,高
RE01398,2025-06-01,2025,6,新疆,西北,水电,1544.79,114.48,75.27,18.22,23.9,6.05,237.6,97.28,64.55,高
RE01416,2025-07-01,2025,7,新疆,西北,水电,1549.98,129.52,83.32,23.17,17.36,5.31,222.99,99.5,70.67,高
RE01434,2025-08-01,2025,8,新疆,西北,水电,1561.61,196.71,125.81,20.87,60.0,5.24,193.42,99.26,56.04,高
RE01452,2025-09-01,2025,9,新疆,西北,水电,1569.09,229.02,145.46,13.14,38.45,3.98,165.97,99.46,64.51,高
RE01470,2025-10-01,2025,10,新疆,西北,水电,1536.73,185.27,126.78,7.77,34.66,4.98,143.97,96.08,54.61,高
RE01488,2025-11-01,2025,11,新疆,西北,水电,1567.3,206.72,139.28,5.98,31.77,4.83,130.82,97.49,72.07,高
RE01506,2025-12-01,2025,12,新疆,西北,水电,1569.98,182.52,117.52,3.0,34.37,6.27,112.22,96.5,50.31,高
RE00011,2019-01-01,2019,1,新疆,西北,风电,18395.93,3704.99,221.71,-1.6,7.37,6.63,117.68,90.91,1028.71,中
RE00029,2019-02-01,2019,2,新疆,西北,风电,18394.4,3553.56,215.62,0.66,14.98,7.1,149.58,90.67,1267.36,中
RE00047,2019-03-01,2019,3,新疆,西北,风电,19506.31,4309.39,245.0,2.5,0.0,7.83,184.08,91.68,1060.43,中
RE00065,2019-04-01,2019,4,新疆,西北,风电,19249.85,3814.8,215.93,13.01,0.0,7.28,214.04,91.89,883.49,中
RE00083,2019-05-01,2019,5,新疆,西北,风电,19834.27,4029.25,232.78,16.11,26.45,6.68,201.41,89.2,1331.81,中
RE00101,2019-06-01,2019,6,新疆,西北,风电,20043.43,3035.23,165.6,19.37,38.23,4.91,224.86,89.62,1356.28,中
RE00119,2019-07-01,2019,7,新疆,西北,风电,19926.42,2521.89,141.07,21.55,38.23,4.25,223.45,89.94,1126.24,中
RE00137,2019-08-01,2019,8,新疆,西北,风电,20306.93,3111.15,165.96,19.54,23.53,4.92,203.9,89.95,1339.69,中
RE00155,2019-09-01,2019,9,新疆,西北,风电,20499.08,3443.0,190.65,16.08,35.81,5.7,166.58,88.22,1019.83,中
RE00173,2019-10-01,2019,10,新疆,西北,风电,20401.63,3255.17,180.26,11.63,40.54,5.14,131.16,89.47,1150.05,中
RE00191,2019-11-01,2019,11,新疆,西北,风电,20096.84,3562.28,194.16,5.24,15.41,5.94,106.17,89.52,1379.96,中
RE00209,2019-12-01,2019,12,新疆,西北,风电,20946.83,3264.03,174.44,2.38,2.37,5.78,112.61,89.15,1377.41,中
RE00227,2020-01-01,2020,1,新疆,西北,风电,20957.56,4316.7,224.97,0.55,24.06,7.38,111.55,90.88,999.44,中
RE00245,2020-02-01,2020,2,新疆,西北,风电,20558.9,4440.71,243.14,-0.21,6.6,7.74,146.17,90.37,954.52,中
RE00263,2020-03-01,2020,3,新疆,西北,风电,22355.33,4541.28,224.35,1.94,11.47,7.22,176.91,91.17,1381.34,中
RE00281,2020-04-01,2020,4,新疆,西北,风电,21620.76,4094.5,213.73,8.86,28.53,6.73,187.3,89.58,1430.03,中
RE00299,2020-05-01,2020,5,新疆,西北,风电,21608.28,3587.57,181.61,13.47,9.74,5.75,225.46,88.98,1581.74,中
RE00317,2020-06-01,2020,6,新疆,西北,风电,22493.18,3372.535,145.32,21.86,48.49,4.42,221.62,89.65,1402.2,中
RE00335,2020-07-01,2020,7,新疆,西北,风电,22967.91,3157.5,157.26,21.13,21.62,4.82,218.15,90.31,1775.98,中
RE00353,2020-08-01,2020,8,新疆,西北,风电,22649.07,2875.94,145.56,20.59,8.85,4.3,211.31,90.15,1271.33,中
RE00371,2020-09-01,2020,9,新疆,西北,风电,23581.58,3002.91,141.91,16.52,43.82,4.22,173.12,91.57,1590.19,中
RE00389,2020-10-01,2020,10,新疆,西北,风电,23420.63,3162.07,151.28,5.69,27.74,4.81,147.37,89.53,1646.46,中
RE00407,2020-11-01,2020,11,新疆,西北,风电,23196.41,4189.24,206.07,1.71,22.96,6.9,121.38,86.88,1308.94,中
RE00425,2020-12-01,2020,12,新疆,西北,风电,23368.69,3991.69,185.64,-0.18,30.0,6.1,108.14,90.97,1262.95,中
RE00443,2021-01-01,2021,1,新疆,西北,风电,23624.52,4814.41,224.18,-1.04,19.33,7.04,101.0,90.63,1455.85,中
RE00461,2021-02-01,2021,2,新疆,西北,风电,24252.7,5274.65,234.59,-2.2,0.0,7.89,147.94,91.99,1619.05,中
RE00479,2021-03-01,2021,3,新疆,西北,风电,24496.11,5424.94,245.0,3.47,31.6,7.23,170.35,91.92,1927.71,中
RE00497,2021-04-01,2021,4,新疆,西北,风电,24671.24,4574.31,196.7,11.14,30.2,5.99,218.46,93.82,1580.05,中
RE00515,2021-05-01,2021,5,新疆,西北,风电,25912.93,4759.31,202.31,15.69,42.96,6.17,225.72,91.01,1665.29,中
RE00533,2021-06-01,2021,6,新疆,西北,风电,25860.58,3878.5,162.04,20.61,7.47,4.71,240.98,92.0,1410.53,中
RE00551,2021-07-01,2021,7,新疆,西北,风电,25675.97,3974.06,169.52,20.18,39.35,4.57,214.8,92.1,1768.95,中
RE00569,2021-08-01,2021,8,新疆,西北,风电,25430.47,3523.73,149.95,22.39,46.42,4.34,214.98,91.98,1310.29,中
RE00587,2021-09-01,2021,9,新疆,西北,风电,26298.97,4669.74,199.32,15.08,31.72,5.5,162.44,91.31,2026.73,中
RE00605,2021-10-01,2021,10,新疆,西北,风电,27041.57,4100.75,163.09,9.5,16.85,5.47,146.99,92.96,1392.34,中
RE00623,2021-11-01,2021,11,新疆,西北,风电,26773.12,4733.87,190.89,6.21,37.91,5.68,133.05,91.65,1608.22,中
RE00641,2021-12-01,2021,12,新疆,西北,风电,27936.04,5931.98,230.9,1.01,1.94,6.78,101.08,91.25,1466.43,中
RE00659,2022-01-01,2022,1,新疆,西北,风电,27084.01,6098.95,245.0,-3.87,3.71,8.03,132.37,91.2,1666.51,中
RE00677,2022-02-01,2022,2,新疆,西北,风电,28023.19,6238.42,241.92,-0.99,0.0,7.72,148.79,92.21,2289.02,中
RE00695,2022-03-01,2022,3,新疆,西北,风电,28015.94,6004.52,233.77,4.59,14.3,7.36,173.95,92.32,1564.79,中
RE00713,2022-04-01,2022,4,新疆,西北,风电,28731.0,5684.57,209.17,10.96,12.81,7.23,200.42,93.4,1917.29,中
RE00731,2022-05-01,2022,5,新疆,西北,风电,27718.76,4583.62,184.63,17.52,21.56,5.78,227.65,92.18,1645.04,中
RE00749,2022-06-01,2022,6,新疆,西北,风电,29898.14,4630.15,173.37,17.17,32.03,5.49,217.53,90.42,1982.88,中
RE00767,2022-07-01,2022,7,新疆,西北,风电,28847.64,3221.12,118.38,22.02,45.6,3.57,220.68,92.34,2108.81,中
RE00785,2022-08-01,2022,8,新疆,西北,风电,30193.97,4448.33,165.11,17.38,49.4,4.31,221.54,92.35,2234.14,中
RE00803,2022-09-01,2022,9,新疆,西北,风电,29865.31,4825.09,170.11,16.15,35.5,4.53,183.58,95.41,1707.41,中
RE00821,2022-10-01,2022,10,新疆,西北,风电,29677.76,5139.01,189.6,10.61,24.98,4.26,118.98,90.96,2144.81,中
RE00839,2022-11-01,2022,11,新疆,西北,风电,30489.42,6673.3,240.58,8.34,26.42,7.24,135.09,92.05,1916.94,中
RE00857,2022-12-01,2022,12,新疆,西北,风电,30722.23,5813.89,201.74,-1.38,0.0,6.92,101.86,92.82,2054.88,中
RE00875,2023-01-01,2023,1,新疆,西北,风电,31478.66,7170.86,245.0,-2.96,1.28,8.18,115.99,92.09,1966.14,高
RE00893,2023-02-01,2023,2,新疆,西北,风电,30835.52,6278.71,228.84,2.62,23.66,7.12,124.77,92.41,1649.89,高
RE00911,2023-03-01,2023,3,新疆,西北,风电,32929.86,7566.72,245.0,7.14,39.77,7.96,177.24,94.39,1715.95,高
RE00929,2023-04-01,2023,4,新疆,西北,风电,32883.93,6926.34,222.3,9.37,8.56,6.81,193.79,94.02,2243.54,高
RE00947,2023-05-01,2023,5,新疆,西北,风电,32495.04,6265.61,203.28,18.39,12.64,6.46,221.99,95.27,2154.39,高
RE00965,2023-06-01,2023,6,新疆,西北,风电,32922.23,4747.6,154.8,20.27,33.34,4.77,211.8,94.82,2434.7,高
RE00983,2023-07-01,2023,7,新疆,西北,风电,33451.74,5271.09,177.83,21.62,12.94,4.56,236.07,89.23,1843.33,高
RE01001,2023-08-01,2023,8,新疆,西北,风电,33921.03,5428.02,170.61,18.81,42.53,4.39,197.23,93.79,2001.04,高
RE01019,2023-09-01,2023,9,新疆,西北,风电,34132.66,5313.56,163.92,15.7,35.99,4.72,172.65,92.05,2259.55,高
RE01037,2023-10-01,2023,10,新疆,西北,风电,34014.66,6239.48,199.81,10.29,26.3,5.68,155.29,93.93,1910.23,高
RE01055,2023-11-01,2023,11,新疆,西北,风电,35254.46,6594.79,200.76,6.42,34.39,5.9,134.03,93.02,2481.5,高
RE01073,2023-12-01,2023,12,新疆,西北,风电,33965.97,6724.53,214.27,0.21,11.58,6.58,104.66,94.08,2082.18,高
RE01091,2024-01-01,2024,1,新疆,西北,风电,35984.2,8123.46,245.0,2.25,0.0,7.65,107.46,92.23,1839.38,高
RE01109,2024-02-01,2024,2,新疆,西北,风电,36656.46,8211.24,236.12,1.65,5.26,7.65,129.89,94.51,1700.39,高
RE01127,2024-03-01,2024,3,新疆,西北,风电,37867.18,7245.01,197.36,3.82,6.33,7.55,175.41,96.49,2149.48,高
RE01145,2024-04-01,2024,4,新疆,西北,风电,36618.95,7062.61,203.84,10.9,6.78,6.22,173.8,94.2,2610.8,高
RE01163,2024-05-01,2024,5,新疆,西北,风电,38091.82,8402.17,229.9,14.61,10.09,6.23,203.19,96.15,2698.89,高
RE01181,2024-06-01,2024,6,新疆,西北,风电,37828.99,6437.56,180.79,15.6,2.73,5.4,211.36,95.09,2033.38,高
RE01199,2024-07-01,2024,7,新疆,西北,风电,38813.92,5214.93,138.01,19.35,45.11,3.9,212.14,94.64,2568.85,高
RE01217,2024-08-01,2024,8,新疆,西北,风电,38373.26,4851.65,130.03,18.64,19.51,3.66,184.29,96.18,2057.61,高
RE01235,2024-09-01,2024,9,新疆,西北,风电,38223.59,6078.77,167.47,15.69,11.62,4.45,177.0,97.39,2045.41,高
RE01253,2024-10-01,2024,10,新疆,西北,风电,39697.08,7960.67,208.78,10.51,50.63,6.44,137.01,96.16,2118.24,高
RE01271,2024-11-01,2024,11,新疆,西北,风电,41185.38,6304.66,158.12,3.97,37.49,5.01,140.94,94.96,2116.86,高
RE01289,2024-12-01,2024,12,新疆,西北,风电,40048.99,7039.91,188.12,0.7,0.0,5.27,123.62,94.35,1937.32,高
RE01307,2025-01-01,2025,1,新疆,西北,风电,40008.54,8284.98,220.31,-0.56,19.34,7.31,125.67,96.71,2355.84,高
RE01325,2025-02-01,2025,2,新疆,西北,风电,41376.26,8987.58,216.37,1.24,0.81,6.75,141.47,96.18,2474.34,高
RE01343,2025-03-01,2025,3,新疆,西北,风电,41057.35,8296.6,212.59,5.41,28.47,6.96,177.77,95.38,2228.73,高
RE01361,2025-04-01,2025,4,新疆,西北,风电,41233.04,9010.99,239.39,9.78,19.0,7.28,180.79,95.36,2410.03,高
RE01379,2025-05-01,2025,5,新疆,西北,风电,41661.02,7944.87,204.01,11.48,25.43,6.64,212.07,96.27,3163.44,高
RE01397,2025-06-01,2025,6,新疆,西北,风电,43235.5,7596.95,180.49,18.78,15.96,5.45,224.02,97.29,1901.15,高
RE01415,2025-07-01,2025,7,新疆,西北,风电,43436.51,6718.78,165.08,21.97,31.48,5.13,201.52,95.13,3151.98,高
RE01433,2025-08-01,2025,8,新疆,西北,风电,44818.25,5572.92,132.46,18.79,35.26,4.34,203.36,96.1,3030.49,高
RE01451,2025-09-01,2025,9,新疆,西北,风电,43383.08,4929.95,119.42,15.25,56.29,3.76,184.96,94.41,3334.68,高
RE01469,2025-10-01,2025,10,新疆,西北,风电,44508.81,6978.14,163.58,10.67,34.61,5.09,142.31,96.58,3017.73,高
RE01487,2025-11-01,2025,11,新疆,西北,风电,46042.23,7852.7,176.41,6.95,12.93,5.4,111.58,96.64,2179.36,高
RE01505,2025-12-01,2025,12,新疆,西北,风电,45550.3,10730.14,245.0,1.22,25.71,7.84,111.93,96.86,3180.98,高
RE00013,2019-01-01,2019,1,江苏,华东,光伏,12608.63,1195.53,105.96,1.5,55.18,5.91,95.08,90.42,721.72,低
RE00031,2019-02-01,2019,2,江苏,华东,光伏,12911.88,1555.32,133.81,6.54,34.6,6.49,128.45,88.58,694.77,低
RE00049,2019-03-01,2019,3,江苏,华东,光伏,12619.66,1624.62,144.96,7.23,13.5,5.4,126.15,88.96,727.12,低
RE00067,2019-04-01,2019,4,江苏,华东,光伏,13024.69,1759.49,154.7,15.32,59.39,6.36,163.91,88.68,615.02,低
RE00085,2019-05-01,2019,5,江苏,华东,光伏,13363.21,1857.27,156.82,21.33,54.63,5.4,165.41,89.0,777.65,低
RE00103,2019-06-01,2019,6,江苏,华东,光伏,13490.73,1672.73,143.89,24.65,79.07,3.42,171.27,87.93,746.36,低
RE00121,2019-07-01,2019,7,江苏,华东,光伏,13818.72,1785.67,145.31,28.62,105.06,4.43,158.84,88.77,744.46,低
RE00139,2019-08-01,2019,8,江苏,华东,光伏,13732.59,1641.56,134.33,27.08,111.34,4.53,156.47,88.01,652.68,低
RE00157,2019-09-01,2019,9,江苏,华东,光伏,14140.06,1451.77,117.33,21.63,105.7,3.66,133.06,88.96,687.9,低
RE00175,2019-10-01,2019,10,江苏,华东,光伏,14829.14,1486.1,113.06,16.78,94.52,4.14,100.01,88.46,831.66,低
RE00193,2019-11-01,2019,11,江苏,华东,光伏,14320.9,1367.68,109.56,8.91,57.11,5.53,79.34,87.63,674.72,低
RE00211,2019-12-01,2019,12,江苏,华东,光伏,14637.39,1411.71,106.66,7.19,75.36,5.8,99.11,90.8,743.65,低
RE00229,2020-01-01,2020,1,江苏,华东,光伏,14663.29,1486.13,109.04,6.26,28.47,6.01,85.82,91.9,758.28,中
RE00247,2020-02-01,2020,2,江苏,华东,光伏,15071.12,1764.88,127.19,5.36,46.56,5.39,101.8,91.46,745.57,中
RE00265,2020-03-01,2020,3,江苏,华东,光伏,15154.6,1730.73,131.74,11.43,34.28,5.62,117.31,88.32,751.66,中
RE00283,2020-04-01,2020,4,江苏,华东,光伏,15685.3,2079.27,146.05,15.55,49.72,6.73,153.05,91.56,895.42,中
RE00301,2020-05-01,2020,5,江苏,华东,光伏,16047.9,2145.35,146.48,22.95,65.65,4.16,160.35,91.78,720.3,中
RE00319,2020-06-01,2020,6,江苏,华东,光伏,15914.53,2222.38,155.37,24.98,97.35,4.06,180.72,90.69,648.49,中
RE00337,2020-07-01,2020,7,江苏,华东,光伏,16450.19,2542.44,160.27,25.16,100.9,3.27,174.26,91.62,866.09,中
RE00355,2020-08-01,2020,8,江苏,华东,光伏,16080.13,1838.53,127.94,26.55,111.97,4.64,139.04,89.94,826.29,中
RE00373,2020-09-01,2020,9,江苏,华东,光伏,16821.35,1873.88,122.1,20.44,111.07,5.06,125.61,90.0,789.46,中
RE00391,2020-10-01,2020,10,江苏,华东,光伏,16840.71,1586.91,103.35,13.72,89.63,3.73,104.93,91.24,972.32,中
RE00409,2020-11-01,2020,11,江苏,华东,光伏,17255.2,1620.09,107.36,10.72,90.81,5.37,88.53,88.8,803.64,中
RE00427,2020-12-01,2020,12,江苏,华东,光伏,17937.5,1850.87,111.68,7.54,73.46,4.6,94.6,91.41,966.1,中
RE00445,2021-01-01,2021,1,江苏,华东,光伏,16888.01,1876.18,121.28,5.18,48.4,5.53,100.09,91.79,905.56,中
RE00463,2021-02-01,2021,2,江苏,华东,光伏,18043.72,1974.19,118.44,6.0,55.45,5.84,106.27,91.8,955.6,中
RE00481,2021-03-01,2021,3,江苏,华东,光伏,18037.17,2225.79,139.75,7.0,40.16,6.91,124.7,89.18,717.39,中
RE00499,2021-04-01,2021,4,江苏,华东,光伏,18485.01,2415.92,140.78,17.82,28.42,4.81,139.27,93.15,1013.39,中
RE00517,2021-05-01,2021,5,江苏,华东,光伏,19079.92,2362.02,134.62,20.97,94.6,4.9,151.65,92.1,838.35,中
RE00535,2021-06-01,2021,6,江苏,华东,光伏,19445.54,2820.31,161.37,24.95,96.47,4.68,186.14,90.03,956.01,中
RE00553,2021-07-01,2021,7,江苏,华东,光伏,19116.58,2572.36,145.36,27.53,118.83,3.89,162.69,92.22,1283.35,中
RE00571,2021-08-01,2021,8,江苏,华东,光伏,20038.71,2231.14,119.52,27.77,110.32,3.54,150.22,91.63,1052.59,中
RE00589,2021-09-01,2021,9,江苏,华东,光伏,20019.27,2341.64,123.6,19.88,95.83,4.5,110.26,94.66,1004.98,中
RE00607,2021-10-01,2021,10,江苏,华东,光伏,20892.5,2474.85,127.48,15.15,64.19,3.15,113.56,91.82,1052.21,中
RE00625,2021-11-01,2021,11,江苏,华东,光伏,20582.01,1901.58,103.07,9.86,49.75,5.19,86.65,89.13,996.64,中
RE00643,2021-12-01,2021,12,江苏,华东,光伏,20040.28,1747.51,95.93,10.47,38.8,5.71,77.92,91.52,986.16,中
RE00661,2022-01-01,2022,1,江苏,华东,光伏,21172.97,2258.47,117.87,4.01,35.65,5.3,75.93,91.38,1022.91,中
RE00679,2022-02-01,2022,2,江苏,华东,光伏,22043.21,2542.33,124.88,5.53,49.41,5.45,107.67,92.39,1158.09,中
RE00697,2022-03-01,2022,3,江苏,华东,光伏,22046.82,2804.01,137.31,12.27,39.72,5.51,130.32,92.67,1261.99,中
RE00715,2022-04-01,2022,4,江苏,华东,光伏,21965.81,2925.92,141.08,18.9,65.19,5.2,132.04,94.97,1461.11,中
RE00733,2022-05-01,2022,5,江苏,华东,光伏,23105.81,3023.82,145.97,21.2,86.36,4.39,160.41,89.81,1259.56,中
RE00751,2022-06-01,2022,6,江苏,华东,光伏,23072.21,3405.89,157.11,25.78,72.75,4.64,156.0,93.84,1168.78,中
RE00769,2022-07-01,2022,7,江苏,华东,光伏,23981.68,3287.47,147.65,29.24,88.2,2.96,170.27,92.08,1071.19,中
RE00787,2022-08-01,2022,8,江苏,华东,光伏,23772.15,3057.35,137.45,27.16,103.37,3.19,150.62,94.5,1116.09,中
RE00805,2022-09-01,2022,9,江苏,华东,光伏,23810.33,2976.86,131.03,18.11,106.13,2.85,148.34,92.39,726.1,中
RE00823,2022-10-01,2022,10,江苏,华东,光伏,24113.14,2677.78,120.62,13.14,84.11,3.75,103.92,92.26,1087.64,中
RE00841,2022-11-01,2022,11,江苏,华东,光伏,24831.63,2156.25,94.11,10.34,79.69,4.96,85.14,92.24,1127.54,中
RE00859,2022-12-01,2022,12,江苏,华东,光伏,24848.77,2740.86,116.99,5.35,33.96,5.36,93.67,94.01,1306.24,中
RE00877,2023-01-01,2023,1,江苏,华东,光伏,25486.62,2786.43,113.33,2.42,57.95,5.49,102.11,93.98,1414.69,中
RE00895,2023-02-01,2023,2,江苏,华东,光伏,25783.24,2800.19,114.43,6.18,28.59,5.19,105.89,94.67,1333.36,中
RE00913,2023-03-01,2023,3,江苏,华东,光伏,27034.27,3921.24,153.65,10.675,38.42,5.47,140.9,94.68,1457.47,中
RE00931,2023-04-01,2023,4,江苏,华东,光伏,26986.84,4131.03,162.26,15.17,35.07,4.88,169.69,95.68,1114.37,中
RE00949,2023-05-01,2023,5,江苏,华东,光伏,26928.63,3592.58,142.77,22.93,75.26,4.99,157.21,94.51,1274.8,中
RE00967,2023-06-01,2023,6,江苏,华东,光伏,28179.83,4347.34,165.99,24.48,80.4,4.07,168.51,93.43,1221.47,中
RE00985,2023-07-01,2023,7,江苏,华东,光伏,27245.38,3495.39,137.86,27.09,114.9,3.58,166.3,92.8,1477.02,中
RE01003,2023-08-01,2023,8,江苏,华东,光伏,27584.48,3511.51,139.85,26.67,83.25,4.39,161.03,93.24,1330.96,中
RE01021,2023-09-01,2023,9,江苏,华东,光伏,27965.28,3173.69,120.38,24.61,100.31,3.5,133.86,93.14,1339.32,中
RE01039,2023-10-01,2023,10,江苏,华东,光伏,28657.48,3242.73,122.8,17.26,95.34,3.15,113.07,92.49,1606.75,中
RE01057,2023-11-01,2023,11,江苏,华东,光伏,30365.17,2877.13,101.5,7.78,84.23,4.54,92.47,94.63,1630.43,中
RE01075,2023-12-01,2023,12,江苏,华东,光伏,29973.59,2594.76,93.84,3.59,55.14,5.54,81.28,92.87,1482.74,中
RE01093,2024-01-01,2024,1,江苏,华东,光伏,29056.83,3069.4,114.38,4.28,63.5,5.68,90.08,93.7,1269.68,高
RE01111,2024-02-01,2024,2,江苏,华东,光伏,31277.41,3969.9,128.21,6.12,43.84,6.06,133.15,97.21,1825.1,高
RE01129,2024-03-01,2024,3,江苏,华东,光伏,30196.91,3744.93,131.07,10.62,53.46,5.33,138.67,94.82,1698.87,高
RE01147,2024-04-01,2024,4,江苏,华东,光伏,31634.07,4187.33,142.72,19.03,63.9,5.85,153.52,95.37,1429.28,高
RE01165,2024-05-01,2024,5,江苏,华东,光伏,32306.91,4643.05,148.43,19.83,53.09,4.71,163.49,97.5,1986.89,高
RE01183,2024-06-01,2024,6,江苏,华东,光伏,33350.46,4979.23,150.14,24.26,88.17,4.01,170.02,97.92,1689.62,高
RE01201,2024-07-01,2024,7,江苏,华东,光伏,32787.91,4458.14,142.97,27.63,125.02,2.27,170.28,94.7,1870.06,高
RE01219,2024-08-01,2024,8,江苏,华东,光伏,34393.28,4608.8,143.71,21.71,104.54,3.97,157.92,94.08,1813.04,高
RE01237,2024-09-01,2024,9,江苏,华东,光伏,33434.8,3621.54,114.22,22.85,71.02,2.84,110.9,94.37,1957.69,高
RE01255,2024-10-01,2024,10,江苏,华东,光伏,34475.02,3831.81,116.87,16.84,98.84,4.43,120.13,96.43,2119.31,高
RE01273,2024-11-01,2024,11,江苏,华东,光伏,36093.25,3512.0,104.34,8.24,71.84,5.07,83.74,92.31,1855.36,高
RE01291,2024-12-01,2024,12,江苏,华东,光伏,35241.83,3777.46,115.53,8.56,51.44,6.14,99.08,93.23,1988.89,高
RE01309,2025-01-01,2025,1,江苏,华东,光伏,36928.15,4205.0,118.57,4.95,36.43,6.84,80.49,96.71,2440.63,高
RE01327,2025-02-01,2025,2,江苏,华东,光伏,36397.45,4371.15,123.77,5.61,36.13,6.87,92.39,95.68,2138.71,高
RE01345,2025-03-01,2025,3,江苏,华东,光伏,37553.99,4626.15,127.85,12.29,37.62,6.3,135.43,95.26,1898.66,高
RE01363,2025-04-01,2025,4,江苏,华东,光伏,37710.65,4928.055,140.73,14.51,65.27,6.7,147.09,96.98,2301.87,高
RE01381,2025-05-01,2025,5,江苏,华东,光伏,37127.79,5229.96,147.4,18.54,77.23,4.93,170.02,94.6,1523.57,高
RE01399,2025-06-01,2025,6,江苏,华东,光伏,38640.25,5075.34,139.24,25.37,86.66,3.94,171.71,95.98,2121.25,高
RE01417,2025-07-01,2025,7,江苏,华东,光伏,39422.71,5184.09,140.8,26.39,108.12,3.66,182.75,93.96,2082.87,高
RE01435,2025-08-01,2025,8,江苏,华东,光伏,39871.36,4886.79,130.76,25.7,114.62,4.1,153.16,94.16,2120.17,高
RE01453,2025-09-01,2025,9,江苏,华东,光伏,41466.69,4927.53,127.92,22.24,112.92,4.01,132.99,94.14,1656.0,高
RE01471,2025-10-01,2025,10,江苏,华东,光伏,42041.66,3438.15,82.36,15.51,76.49,5.68,93.14,98.91,2266.92,高
RE01489,2025-11-01,2025,11,江苏,华东,光伏,41334.73,4593.62,113.72,11.55,59.63,4.65,96.67,96.83,2204.79,高
RE01507,2025-12-01,2025,12,江苏,华东,光伏,42507.08,4290.38,106.77,2.81,50.77,5.85,81.76,96.55,2222.06,高
RE00015,2019-01-01,2019,1,江苏,华东,水电,498.35,56.4,129.45,5.48,50.37,5.69,80.32,88.01,16.28,低
RE00033,2019-02-01,2019,2,江苏,华东,水电,492.81,54.245000000000005,109.91,6.6,31.82,6.03,94.67,90.07,12.99,低
RE00051,2019-03-01,2019,3,江苏,华东,水电,491.11,52.09,116.03,9.02,33.9,6.57,130.27,91.8,15.22,低
RE00069,2019-04-01,2019,4,江苏,华东,水电,502.53,52.57,115.52,15.79,50.37,5.74,151.42,89.35,14.52,低
RE00087,2019-05-01,2019,5,江苏,华东,水电,522.99,63.42,133.51,25.66,69.72,5.5,169.67,89.57,15.82,低
RE00105,2019-06-01,2019,6,江苏,华东,水电,511.4,64.88,142.53,25.55,65.57,4.79,172.6,87.7,19.36,低
RE00123,2019-07-01,2019,7,江苏,华东,水电,509.04,99.37,215.51,26.26,126.84,4.11,177.35,90.53,10.79,低
RE00141,2019-08-01,2019,8,江苏,华东,水电,499.41,80.48,177.08,23.19,97.42,2.49,146.66,89.93,14.61,低
RE00159,2019-09-01,2019,9,江苏,华东,水电,516.12,60.6,135.34,23.61,96.22,4.43,119.8,90.88,12.47,低
RE00177,2019-10-01,2019,10,江苏,华东,水电,515.42,78.36,167.46,17.98,102.05,5.12,120.97,89.13,11.33,低
RE00195,2019-11-01,2019,11,江苏,华东,水电,525.51,69.14,147.01,9.75,43.07,5.54,81.54,88.93,14.3,低
RE00213,2019-12-01,2019,12,江苏,华东,水电,522.18,52.3,107.77,6.29,37.39,5.74,88.17,92.7,15.09,低
RE00231,2020-01-01,2020,1,江苏,华东,水电,531.67,46.44,94.04,4.99,26.75,6.76,99.44,93.31,16.08,低
RE00249,2020-02-01,2020,2,江苏,华东,水电,498.6,54.04,117.2,9.26,44.25,5.98,112.73,91.81,15.72,低
RE00267,2020-03-01,2020,3,江苏,华东,水电,527.01,55.07,116.65,7.95,38.27,5.6,138.62,90.17,14.8,低
RE00285,2020-04-01,2020,4,江苏,华东,水电,517.61,58.74,126.13,17.21,36.07,5.37,150.97,90.25,13.8,低
RE00303,2020-05-01,2020,5,江苏,华东,水电,534.39,63.13,127.7,20.39,66.85,4.92,184.36,93.93,15.12,低
RE00321,2020-06-01,2020,6,江苏,华东,水电,526.82,83.4,177.27,27.57,105.3,5.15,176.11,90.96,14.45,低
RE00339,2020-07-01,2020,7,江苏,华东,水电,523.46,91.14,189.46,26.630000000000003,104.52,2.48,169.58,90.92,14.47,低
RE00357,2020-08-01,2020,8,江苏,华东,水电,525.46,86.12,178.3,25.69,117.42,4.86,148.48,92.19,15.2,低
RE00375,2020-09-01,2020,9,江苏,华东,水电,543.45,78.69,155.46,23.84,110.03,4.57,120.5,92.17,15.61,低
RE00393,2020-10-01,2020,10,江苏,华东,水电,526.95,77.59,163.28,17.72,100.1,4.7,100.18,91.14,13.18,低
RE00411,2020-11-01,2020,11,江苏,华东,水电,547.08,80.79,163.73,12.79,81.28,5.17,88.6,90.86,15.47,低
RE00429,2020-12-01,2020,12,江苏,华东,水电,542.67,59.19,116.2,3.49,50.04,6.53,90.22,91.62,15.14,低
RE00447,2021-01-01,2021,1,江苏,华东,水电,538.17,61.68,121.5,4.7,26.31,5.59,85.6,93.25,15.91,低
RE00465,2021-02-01,2021,2,江苏,华东,水电,548.04,56.99,113.88,6.7,37.37,5.63,103.38,90.73,15.59,低
RE00483,2021-03-01,2021,3,江苏,华东,水电,547.87,59.32,115.9,12.05,61.55,6.07,109.33,92.57,17.17,低
RE00501,2021-04-01,2021,4,江苏,华东,水电,540.7,60.61,126.44,13.73,54.03,5.22,155.01,90.82,13.19,低
RE00519,2021-05-01,2021,5,江苏,华东,水电,555.03,73.77,139.81,20.52,71.52,5.17,169.18,92.07,13.12,低
RE00537,2021-06-01,2021,6,江苏,华东,水电,543.68,78.93,162.87,26.41,102.83,3.94,176.56,91.78,16.94,低
RE00555,2021-07-01,2021,7,江苏,华东,水电,542.89,112.17,221.98,27.47,150.33,3.81,160.77,92.82,14.86,低
RE00573,2021-08-01,2021,8,江苏,华东,水电,542.1,87.29,175.09,19.98,102.5,4.83,143.71,91.19,19.38,低
RE00591,2021-09-01,2021,9,江苏,华东,水电,564.62,91.77,170.48,21.54,100.59,3.41,120.05,94.42,18.28,低
RE00609,2021-10-01,2021,10,江苏,华东,水电,561.09,76.07,144.84,16.7,94.43,3.88,102.33,92.26,17.18,低
RE00627,2021-11-01,2021,11,江苏,华东,水电,552.52,70.7,141.2,10.86,69.45,5.49,91.67,92.23,15.59,低
RE00645,2021-12-01,2021,12,江苏,华东,水电,546.18,61.76,123.33,5.27,43.77,5.3,91.25,92.76,15.17,低
RE00663,2022-01-01,2022,1,江苏,华东,水电,569.08,57.17,106.98,4.47,33.48,4.62,80.43,93.98,17.62,中
RE00681,2022-02-01,2022,2,江苏,华东,水电,552.68,57.19,109.32,8.64,41.94,5.1,103.47,93.88,15.07,中
RE00699,2022-03-01,2022,3,江苏,华东,水电,557.84,65.85,127.34,11.12,34.62,6.28,140.13,93.36,16.64,中
RE00717,2022-04-01,2022,4,江苏,华东,水电,558.46,58.44,110.7,13.53,45.81,6.16,154.45,95.49,19.43,中
RE00735,2022-05-01,2022,5,江苏,华东,水电,580.54,93.75,170.72,23.06,81.63,6.1,165.99,94.17,16.6,中
RE00753,2022-06-01,2022,6,江苏,华东,水电,579.11,89.34,162.82,27.19,91.11,4.31,168.85,93.25,19.21,中
RE00771,2022-07-01,2022,7,江苏,华东,水电,574.45,84.93,154.42,24.41,79.07,3.92,180.2,94.57,15.27,中
RE00789,2022-08-01,2022,8,江苏,华东,水电,573.02,123.29,230.07,24.39,131.93,4.35,157.87,93.08,17.31,中
RE00807,2022-09-01,2022,9,江苏,华东,水电,563.44,94.29,174.22,22.18,109.19,3.54,99.06,93.67,11.96,中
RE00825,2022-10-01,2022,10,江苏,华东,水电,594.14,88.96,159.88,12.63,96.8,4.51,101.36,94.4,15.34,中
RE00843,2022-11-01,2022,11,江苏,华东,水电,573.47,70.11,132.39,9.47,55.96,5.6,93.22,91.87,14.31,中
RE00861,2022-12-01,2022,12,江苏,华东,水电,583.74,88.17,161.15,5.58,78.26,5.81,67.37,93.82,16.67,中
RE00879,2023-01-01,2023,1,江苏,华东,水电,612.56,70.87,120.53,7.72,23.91,5.82,93.51,93.81,18.12,中
RE00897,2023-02-01,2023,2,江苏,华东,水电,572.91,59.74,113.01,8.33,17.9,5.98,111.22,93.65,19.42,中
RE00915,2023-03-01,2023,3,江苏,华东,水电,569.73,65.25,116.01,9.49,48.26,6.02,136.17,95.76,19.88,中
RE00933,2023-04-01,2023,4,江苏,华东,水电,600.32,77.64,135.41,17.84,47.21,5.47,141.57,94.97,15.69,中
RE00951,2023-05-01,2023,5,江苏,华东,水电,585.45,69.45,127.99,21.63,65.6,4.73,165.84,92.58,14.69,中
RE00969,2023-06-01,2023,6,江苏,华东,水电,601.16,113.07,195.54,25.26,120.13,4.22,167.57,96.52,14.91,中
RE00987,2023-07-01,2023,7,江苏,华东,水电,609.26,85.33,149.52,31.46,91.72,4.13,168.75,94.0,17.51,中
RE01005,2023-08-01,2023,8,江苏,华东,水电,589.7,89.39,157.84,26.33,91.66,3.51,157.8,95.45,19.25,中
RE01023,2023-09-01,2023,9,江苏,华东,水电,582.03,107.87,196.5,19.8,106.89,4.16,122.88,95.86,13.85,中
RE01041,2023-10-01,2023,10,江苏,华东,水电,599.09,96.33,170.11,15.06,88.89,3.6,119.07,92.68,18.05,中
RE01059,2023-11-01,2023,11,江苏,华东,水电,603.96,100.39,173.82,6.72,88.83,5.6,93.26,95.47,17.86,中
RE01077,2023-12-01,2023,12,江苏,华东,水电,609.14,71.84,125.25,3.43,57.15,6.16,85.31,92.85,18.62,中
RE01095,2024-01-01,2024,1,江苏,华东,水电,593.85,82.76,141.57,7.23,64.13,6.13,77.82,96.47,17.94,中
RE01113,2024-02-01,2024,2,江苏,华东,水电,611.41,81.61,136.48,7.9,34.66,6.45,101.25,96.84,15.17,中
RE01131,2024-03-01,2024,3,江苏,华东,水电,623.97,84.32,137.26,10.11,48.53,6.17,133.08,97.86,19.44,中
RE01149,2024-04-01,2024,4,江苏,华东,水电,617.23,60.24,100.91,18.57,29.89,5.86,144.66,96.8,19.18,中
RE01167,2024-05-01,2024,5,江苏,华东,水电,594.59,93.6,167.41,20.97,95.71,5.13,171.8,95.36,18.43,中
RE01185,2024-06-01,2024,6,江苏,华东,水电,616.38,88.62,150.57,27.52,91.48,4.16,172.93,94.51,21.62,中
RE01203,2024-07-01,2024,7,江苏,华东,水电,593.58,99.56,175.48,27.36,108.26,3.51,173.64,95.42,17.74,中
RE01221,2024-08-01,2024,8,江苏,华东,水电,627.83,106.55,175.33,24.48,121.1,2.91,155.91,94.84,17.32,中
RE01239,2024-09-01,2024,9,江苏,华东,水电,635.63,79.13,134.8,18.84,69.78,3.57,120.42,95.16,18.44,中
RE01257,2024-10-01,2024,10,江苏,华东,水电,620.64,82.68,137.64,18.64,83.25,4.53,105.18,96.29,16.61,中
RE01275,2024-11-01,2024,11,江苏,华东,水电,624.19,88.19,144.06,13.1,90.39,5.13,85.88,96.23,14.11,中
RE01293,2024-12-01,2024,12,江苏,华东,水电,626.03,82.9,134.4,6.68,63.5,5.16,84.43,96.96,18.48,中
RE01311,2025-01-01,2025,1,江苏,华东,水电,622.83,46.15,78.4,5.32,16.33,5.82,103.2,95.95,20.85,高
RE01329,2025-02-01,2025,2,江苏,华东,水电,638.4,79.54,128.57,5.14,30.01,6.12,114.15,97.64,17.94,高
RE01347,2025-03-01,2025,3,江苏,华东,水电,629.57,88.57,147.95,12.42,68.86,5.69,136.95,96.54,22.29,高
RE01365,2025-04-01,2025,4,江苏,华东,水电,631.42,69.07,113.17,17.33,30.6,5.19,157.64,98.26,20.55,高
RE01383,2025-05-01,2025,5,江苏,华东,水电,630.66,87.65,144.81,22.73,75.83,4.91,144.14,94.95,21.6,高
RE01401,2025-06-01,2025,6,江苏,华东,水电,633.71,99.19,159.96,25.73,85.54,4.88,186.94,99.6,15.4,高
RE01419,2025-07-01,2025,7,江苏,华东,水电,634.47,102.26,167.54,25.73,101.49,4.71,173.16,95.31,14.81,高
RE01437,2025-08-01,2025,8,江苏,华东,水电,649.36,94.27,147.93,26.43,99.1,3.71,147.6,99.52,15.44,高
RE01455,2025-09-01,2025,9,江苏,华东,水电,655.25,120.33,184.39,19.74,123.96,4.06,133.51,98.51,19.96,高
RE01473,2025-10-01,2025,10,江苏,华东,水电,656.89,85.99,130.83,14.77,64.32,3.38,91.05,98.09,20.6,高
RE01491,2025-11-01,2025,11,江苏,华东,水电,649.21,91.89,139.48,8.32,72.96,4.64,74.07,98.49,15.53,高
RE01509,2025-12-01,2025,12,江苏,华东,水电,673.98,79.62,123.87,7.97,36.26,5.1,80.83,97.26,17.65,高
RE00014,2019-01-01,2019,1,江苏,华东,风电,7990.59,1318.56,188.02,3.59,35.44,6.29,114.08,87.69,528.27,低
RE00032,2019-02-01,2019,2,江苏,华东,风电,8488.95,1439.85,184.39,6.77,19.84,5.88,110.87,91.71,534.91,低
RE00050,2019-03-01,2019,3,江苏,华东,风电,8241.18,1540.27,206.82,8.22,49.37,6.38,113.66,90.57,496.17,低
RE00068,2019-04-01,2019,4,江苏,华东,风电,8327.65,1306.8,176.03,14.64,48.59,5.27,142.2,90.69,442.35,低
RE00086,2019-05-01,2019,5,江苏,华东,风电,8226.73,1062.78,148.39,22.99,80.7,4.22,158.17,87.81,456.16,低
RE00104,2019-06-01,2019,6,江苏,华东,风电,8634.68,1026.05,133.71,26.62,77.81,4.18,186.83,89.74,437.18,低
RE00122,2019-07-01,2019,7,江苏,华东,风电,8742.69,1245.54,161.94,29.63,106.69,4.45,173.63,89.6,394.25,低
RE00140,2019-08-01,2019,8,江苏,华东,风电,8753.64,955.03,119.98,26.4,111.64,3.35,142.17,88.39,484.1,低
RE00158,2019-09-01,2019,9,江苏,华东,风电,8945.31,1225.28,154.8,20.3,116.59,3.92,119.68,91.06,450.24,低
RE00176,2019-10-01,2019,10,江苏,华东,风电,9013.82,1268.35,157.09,16.1,88.62,3.8,114.15,90.8,545.22,低
RE00194,2019-11-01,2019,11,江苏,华东,风电,8858.1,1297.42,161.83,7.43,54.0,4.61,83.66,89.79,283.2,低
RE00212,2019-12-01,2019,12,江苏,华东,风电,9332.51,1524.85,192.37,6.54,55.27,5.84,73.54,87.37,458.17,低
RE00230,2020-01-01,2020,1,江苏,华东,风电,9362.64,1551.66,191.96,4.09,36.54,5.38,93.63,87.61,477.17,中
RE00248,2020-02-01,2020,2,江苏,华东,风电,9285.86,1768.65,213.01,7.41,23.09,6.57,83.53,89.51,440.76,中
RE00266,2020-03-01,2020,3,江苏,华东,风电,9074.75,1578.85,192.04,10.26,43.67,5.87,130.07,90.28,383.37,中
RE00284,2020-04-01,2020,4,江苏,华东,风电,9543.54,1413.45,163.12,17.21,26.95,5.43,140.08,91.35,435.26,中
RE00302,2020-05-01,2020,5,江苏,华东,风电,9569.02,1221.93,145.45,21.0,76.07,4.38,174.78,88.21,624.2,中
RE00320,2020-06-01,2020,6,江苏,华东,风电,9311.81,1260.26,144.44,23.45,88.62,4.89,178.81,93.26,503.87,中
RE00338,2020-07-01,2020,7,江苏,华东,风电,9658.88,1195.39,132.93,26.85,120.72,4.29,162.56,92.32,510.54,中
RE00356,2020-08-01,2020,8,江苏,华东,风电,10116.54,1412.83,159.5,24.59,96.06,4.27,167.12,88.88,490.58,中
RE00374,2020-09-01,2020,9,江苏,华东,风电,9934.42,1260.135,135.29,20.46,94.16,3.61,140.9,92.7,553.04,中
RE00392,2020-10-01,2020,10,江苏,华东,风电,10220.34,1107.44,121.48,14.03,81.1,3.22,118.21,88.64,592.9,中
RE00410,2020-11-01,2020,11,江苏,华东,风电,10186.38,1481.31,164.27,10.05,65.24,5.2,106.23,88.95,506.47,中
RE00428,2020-12-01,2020,12,江苏,华东,风电,10378.39,1592.0,173.84,6.4,67.67,5.08,86.53,88.87,669.05,中
RE00446,2021-01-01,2021,1,江苏,华东,风电,10642.02,1791.95,186.24,7.05,53.5,5.84,113.04,89.55,519.4,中
RE00464,2021-02-01,2021,2,江苏,华东,风电,10242.59,1435.43,156.19,4.49,28.66,5.01,119.03,90.96,584.86,中
RE00482,2021-03-01,2021,3,江苏,华东,风电,10617.38,2019.52,210.6,8.4,15.79,6.27,128.29,90.77,576.5,中
RE00500,2021-04-01,2021,4,江苏,华东,风电,10785.97,1574.02,155.17,14.04,79.15,4.56,159.69,93.22,590.1,中
RE00518,2021-05-01,2021,5,江苏,华东,风电,11022.77,1964.79,198.55,21.98,73.89,5.57,173.92,91.59,645.11,中
RE00536,2021-06-01,2021,6,江苏,华东,风电,10816.18,1623.25,168.73,26.83,88.43,5.2,169.94,89.75,589.31,中
RE00554,2021-07-01,2021,7,江苏,华东,风电,10728.78,1281.65,129.18,25.16,122.79,4.0,182.51,91.45,432.85,中
RE00572,2021-08-01,2021,8,江苏,华东,风电,10983.88,1788.0,179.47,26.68,91.9,4.52,151.81,91.38,540.32,中
RE00590,2021-09-01,2021,9,江苏,华东,风电,11254.61,1592.71,155.2,19.36,135.83,4.05,117.73,90.26,606.17,中
RE00608,2021-10-01,2021,10,江苏,华东,风电,11385.37,1596.84,152.1,17.26,70.34,4.55,104.84,90.79,632.05,中
RE00626,2021-11-01,2021,11,江苏,华东,风电,11541.71,1896.93,181.81,12.05,78.63,5.64,89.99,92.25,686.24,中
RE00644,2021-12-01,2021,12,江苏,华东,风电,11541.06,1742.58,164.03,6.54,52.49,5.24,69.8,90.07,709.49,中
RE00662,2022-01-01,2022,1,江苏,华东,风电,11324.65,1946.63,178.55,5.81,40.95,5.48,67.54,91.95,557.22,中
RE00680,2022-02-01,2022,2,江苏,华东,风电,12105.92,2574.98,226.13,7.03,49.99,6.86,107.91,92.79,585.94,中
RE00698,2022-03-01,2022,3,江苏,华东,风电,11890.09,2011.26,176.67,9.46,25.4,5.43,121.44,96.73,771.93,中
RE00716,2022-04-01,2022,4,江苏,华东,风电,12154.82,2301.56,206.38,14.41,66.07,6.55,149.21,92.51,597.47,中
RE00734,2022-05-01,2022,5,江苏,华东,风电,12195.74,2012.4,178.69,19.43,66.56,5.12,169.83,92.33,671.72,中
RE00752,2022-06-01,2022,6,江苏,华东,风电,12449.21,1896.06,162.29,27.02,79.49,5.64,170.07,93.08,645.34,中
RE00770,2022-07-01,2022,7,江苏,华东,风电,12385.06,2074.67,177.99,25.92,104.34,4.6,167.85,91.4,665.15,中
RE00788,2022-08-01,2022,8,江苏,华东,风电,12175.1,1763.63,159.44,27.2,94.4,4.53,159.46,91.72,558.22,中
RE00806,2022-09-01,2022,9,江苏,华东,风电,12699.82,1305.69,111.88,20.22,110.82,3.59,132.9,92.16,694.32,中
RE00824,2022-10-01,2022,10,江苏,华东,风电,12586.33,1666.09,145.36,18.16,98.82,4.09,118.3,91.69,670.29,中
RE00842,2022-11-01,2022,11,江苏,华东,风电,12783.73,2024.6,170.98,14.2,63.24,5.08,91.05,93.68,799.62,中
RE00860,2022-12-01,2022,12,江苏,华东,风电,12386.11,2078.07,191.37,9.46,45.69,5.44,92.58,90.92,633.19,中
RE00878,2023-01-01,2023,1,江苏,华东,风电,13196.52,2435.38,204.06,6.21,34.94,6.24,95.9,92.13,745.47,中
RE00896,2023-02-01,2023,2,江苏,华东,风电,13330.53,2457.66,195.38,6.96,22.79,6.6,118.16,93.28,704.33,中
RE00914,2023-03-01,2023,3,江苏,华东,风电,13250.82,2098.74,169.98,10.03,39.22,5.82,146.62,93.65,675.81,中
RE00932,2023-04-01,2023,4,江苏,华东,风电,13149.26,2309.31,186.19,14.64,51.4,5.31,143.22,93.05,557.31,中
RE00950,2023-05-01,2023,5,江苏,华东,风电,13556.67,2328.18,176.02,22.65,94.98,5.04,168.96,95.94,765.17,中
RE00968,2023-06-01,2023,6,江苏,华东,风电,13463.24,2036.68,160.12,24.48,106.49,4.14,178.82,94.07,577.65,中
RE00986,2023-07-01,2023,7,江苏,华东,风电,14002.66,1687.76,127.23,25.85,104.48,4.11,160.45,92.97,830.08,中
RE01004,2023-08-01,2023,8,江苏,华东,风电,14154.79,1798.27,134.49,22.92,113.35,3.32,136.55,94.78,766.95,中
RE01022,2023-09-01,2023,9,江苏,华东,风电,13992.53,1983.78,156.82,22.03,99.69,4.86,136.21,91.57,803.86,中
RE01040,2023-10-01,2023,10,江苏,华东,风电,14501.81,2192.96,160.06,15.43,103.2,4.58,116.29,95.21,716.23,中
RE01058,2023-11-01,2023,11,江苏,华东,风电,14822.61,2487.38,178.78,11.61,69.08,5.15,92.49,93.21,765.52,中
RE01076,2023-12-01,2023,12,江苏,华东,风电,14144.99,2450.72,186.95,3.56,28.5,5.39,75.0,94.52,640.03,中
RE01094,2024-01-01,2024,1,江苏,华东,风电,15027.87,3158.78,224.08,4.87,64.04,7.21,88.6,95.15,941.45,高
RE01112,2024-02-01,2024,2,江苏,华东,风电,15624.36,2931.84,191.94,5.9,45.26,6.3,124.6,97.49,832.94,高
RE01130,2024-03-01,2024,3,江苏,华东,风电,15146.51,2637.1,185.77,9.02,31.85,6.14,138.14,93.12,1168.07,高
RE01148,2024-04-01,2024,4,江苏,华东,风电,15731.82,2676.11,176.18,15.45,62.84,5.3,154.42,95.03,845.15,高
RE01166,2024-05-01,2024,5,江苏,华东,风电,15276.27,2000.01,140.66,18.94,62.39,4.46,154.53,92.82,894.1,高
RE01184,2024-06-01,2024,6,江苏,华东,风电,15906.23,2377.8,158.12,23.73,105.62,4.55,170.76,94.29,960.29,高
RE01202,2024-07-01,2024,7,江苏,华东,风电,16017.29,2556.11,159.75,27.89,86.73,4.7,175.74,97.22,624.05,高
RE01220,2024-08-01,2024,8,江苏,华东,风电,16281.82,1970.66,128.11,23.24,97.51,3.47,142.86,93.37,1020.46,高
RE01238,2024-09-01,2024,9,江苏,华东,风电,15971.25,2048.8,136.6,19.58,118.4,3.19,146.94,92.95,925.23,高
RE01256,2024-10-01,2024,10,江苏,华东,风电,15970.06,2221.45,147.01,16.77,80.82,3.33,117.09,94.65,909.55,高
RE01274,2024-11-01,2024,11,江苏,华东,风电,15769.74,2682.67,182.18,11.06,59.58,5.25,80.67,92.71,928.28,高
RE01292,2024-12-01,2024,12,江苏,华东,风电,16837.81,2659.41,169.35,5.34,80.8,5.41,94.33,93.33,1096.85,高
RE01310,2025-01-01,2025,1,江苏,华东,风电,16752.83,3318.49,210.38,3.35,32.09,5.98,81.82,96.7,983.62,高
RE01328,2025-02-01,2025,2,江苏,华东,风电,16774.87,3206.26,195.19,5.73,36.13,6.3,116.66,96.18,836.94,高
RE01346,2025-03-01,2025,3,江苏,华东,风电,16994.05,3114.85,189.22,10.08,52.39,5.59,117.52,97.18,855.26,高
RE01364,2025-04-01,2025,4,江苏,华东,风电,17603.39,2950.24,172.51,15.75,47.73,5.22,156.88,97.34,1183.55,高
RE01382,2025-05-01,2025,5,江苏,华东,风电,17165.9,2449.32,144.15,20.04,105.98,5.1,168.48,96.69,914.64,高
RE01400,2025-06-01,2025,6,江苏,华东,风电,17648.18,2216.59,131.21,26.01,83.74,3.77,180.07,97.89,1174.21,高
RE01418,2025-07-01,2025,7,江苏,华东,风电,17566.76,2556.83,148.51,25.74,103.34,4.54,173.58,97.37,987.59,高
RE01436,2025-08-01,2025,8,江苏,华东,风电,17836.49,2584.89,148.82,22.75,128.61,4.27,137.1,97.31,1128.8,高
RE01454,2025-09-01,2025,9,江苏,华东,风电,17820.8,2684.68,154.91,22.83,107.23,4.09,124.43,96.94,880.24,高
RE01472,2025-10-01,2025,10,江苏,华东,风电,18698.26,3191.3,174.13,15.09,85.69,5.2,122.57,97.19,997.12,高
RE01490,2025-11-01,2025,11,江苏,华东,风电,18544.39,3077.92,174.0,9.0,69.06,5.58,84.55,93.8,1034.89,高
RE01508,2025-12-01,2025,12,江苏,华东,风电,18541.47,2868.68,163.36,7.51,64.11,5.18,101.36,95.22,1082.48,高
